frame,theta,angleSource,visible,W_px,H_px,W_over_CE,W_over_frontW,cornerLift_px,cornerLift_over_CE,bothCornersVisible,contourSide,mouthCx,seamY,eyeLineY,eyeSource,chinY,CE_px,noseX,noseY,seam_below_eye_over_CE,chin_below_seam_over_CE,seam_below_nose_over_CE,mouth_dx_from_nose_over_CE,faceL,faceR,mouth_pos_in_jaw,closed,openSpan_px,teeth_px,sharp,W_jump_px,crisp
f001,-0.6,face cue,True,31.5,12.5,0.54,1.0,2.64,0.045,True,,382.75,213.38,176.72,irises,235.0,58.28,379.5,198.6,0.629,0.371,0.254,0.056,352,413,0.504,True,0.0,0.0,17.5,0.0,crisp
f002,-0.3,face cue,True,31.25,12.25,0.537,0.992,2.39,0.041,True,,382.62,213.12,176.83,irises,235.0,58.17,379.4,198.4,0.624,0.376,0.253,0.055,352,413,0.502,True,0.0,0.0,16.91,-0.25,crisp
f003,0.0,face cue,True,31.5,12.25,0.541,1.0,2.16,0.037,True,,382.5,212.88,176.75,irises,235.0,58.25,377.6,197.5,0.62,0.38,0.264,0.084,352,413,0.5,True,0.0,0.0,16.56,0.0,crisp
f004,0.6,face cue,True,31.5,12.25,0.539,1.0,1.88,0.032,True,,382.25,212.62,176.59,irises,235.0,58.41,379.5,198.6,0.617,0.383,0.24,0.047,352,413,0.496,True,0.0,0.0,16.32,0.0,crisp
f005,1.2,face cue,True,31.5,12.25,0.54,1.0,1.91,0.033,True,,382.0,212.62,176.62,irises,235.0,58.38,381.3,199.8,0.617,0.383,0.22,0.012,352,413,0.492,True,0.0,0.0,16.57,0.0,crisp
f006,2.3,face cue,True,31.5,12.25,0.54,1.0,1.86,0.032,True,,381.5,212.62,176.69,irises,235.0,58.31,378.7,198.5,0.616,0.384,0.242,0.048,352,413,0.484,True,0.0,0.0,16.34,0.0,crisp
f007,2.9,face cue,True,31.5,12.25,0.541,1.0,1.86,0.032,True,,381.25,212.62,176.73,irises,235.0,58.27,380.1,199.7,0.616,0.384,0.222,0.02,352,413,0.48,True,0.0,0.0,16.55,0.0,crisp
f008,1.8,face cue,True,31.5,12.25,0.538,1.0,2.12,0.036,True,,380.75,212.88,176.47,irises,235.0,58.53,375.4,197.5,0.622,0.378,0.263,0.091,352,411,0.487,True,0.0,0.0,16.73,0.0,crisp
f009,3.3,face cue,True,31.25,12.5,0.535,0.992,2.12,0.036,True,,380.12,212.88,176.62,irises,235.0,58.38,380.0,199.6,0.621,0.379,0.227,0.002,352,411,0.477,True,0.0,0.0,16.73,0.0,crisp
f010,4.5,face cue,True,31.25,12.5,0.534,0.992,1.89,0.032,True,,379.62,212.62,176.49,irises,235.0,58.51,374.4,197.6,0.618,0.382,0.257,0.089,352,411,0.468,True,0.0,0.0,16.71,0.0,crisp
f011,6.3,face cue,True,31.25,12.5,0.534,0.992,1.86,0.032,True,,378.88,212.62,176.52,irises,235.0,58.48,370.9,197.0,0.617,0.383,0.267,0.136,352,411,0.456,True,0.0,0.0,17.03,0.0,crisp
f012,5.5,blend,True,31.0,12.5,0.533,0.984,1.81,0.031,True,,378.25,212.62,176.85,irises,235.0,58.15,373.8,198.7,0.615,0.385,0.239,0.077,350,411,0.463,True,0.0,0.0,16.72,0.0,crisp
f013,7.7,blend,True,31.0,12.5,0.53,0.984,1.81,0.031,True,,377.5,212.62,176.51,irises,235.0,58.49,369.1,197.0,0.617,0.383,0.267,0.144,350,411,0.451,True,0.0,0.0,17.0,0.0,crisp
f014,8.1,blend,True,31.0,12.5,0.534,0.984,1.83,0.032,True,,376.75,212.62,176.92,irises,235.0,58.08,367.3,196.7,0.615,0.385,0.274,0.163,350,409,0.453,True,0.0,0.0,16.74,0.0,crisp
f015,10.2,blend,True,30.5,12.25,0.524,0.968,1.78,0.031,True,,376.0,212.62,176.84,irises,235.0,58.16,371.2,198.9,0.615,0.385,0.236,0.083,350,409,0.441,True,0.0,0.0,16.96,0.0,crisp
f016,12.1,blend,True,30.25,12.25,0.52,0.96,2.02,0.035,True,,375.12,212.88,176.82,irises,235.0,58.18,366.1,197.2,0.62,0.38,0.27,0.155,350,409,0.426,True,0.0,0.0,16.83,0.0,crisp
f017,12.8,blend,True,30.0,12.25,0.515,0.952,2.28,0.039,True,,374.25,213.12,176.79,irises,235.0,58.21,367.4,198.1,0.624,0.376,0.258,0.118,348,409,0.43,True,0.0,0.0,17.15,0.0,crisp
f018,15.4,blend,True,30.0,12.0,0.515,0.952,2.34,0.04,True,,373.25,213.12,176.74,front median,235.0,58.26,363.4,197.9,0.624,0.376,0.261,0.169,348,409,0.414,True,0.0,0.0,16.84,0.0,crisp
f019,16.0,blend,True,30.0,12.0,0.517,0.952,2.59,0.045,True,,372.25,213.38,177.0,irises,235.0,58.0,362.8,197.1,0.627,0.373,0.281,0.163,348,407,0.411,True,0.0,0.0,16.93,0.0,crisp
f020,18.2,blend,True,29.75,12.25,0.512,0.944,2.41,0.041,True,,371.38,213.12,176.86,irises,235.0,58.14,361.6,197.0,0.624,0.376,0.277,0.168,348,407,0.396,True,0.75,0.0,17.04,0.0,crisp
f021,19.7,blend,True,29.75,12.25,0.512,0.944,2.47,0.042,True,,370.38,213.12,176.86,irises,235.0,58.14,360.4,197.4,0.624,0.376,0.27,0.172,346,407,0.4,True,0.75,0.0,17.12,0.0,crisp
f022,21.5,blend,True,29.75,12.25,0.511,0.944,2.3,0.04,True,,369.38,212.88,176.79,irises,235.0,58.21,358.8,197.3,0.62,0.38,0.268,0.182,346,407,0.383,True,0.0,0.0,16.86,0.0,crisp
f023,23.4,blend,True,29.25,12.25,0.51,0.929,2.08,0.036,True,,368.38,212.62,176.7,irises,234.0,57.3,357.1,197.0,0.627,0.373,0.273,0.197,346,407,0.367,True,0.75,0.0,17.34,0.0,crisp
f024,25.3,blend,True,29.0,12.25,0.508,0.921,2.16,0.038,True,,367.25,212.62,176.88,irises,234.0,57.12,354.6,197.0,0.626,0.374,0.273,0.221,346,407,0.348,True,0.75,0.0,17.31,0.0,crisp
f025,26.4,blend,True,28.75,12.25,0.501,0.913,2.16,0.038,True,,366.12,212.62,176.67,irises,234.0,57.33,349.5,195.6,0.627,0.373,0.297,0.29,344,407,0.351,True,0.75,0.0,17.82,0.0,crisp
f026,28.8,blend,True,28.25,12.0,0.495,0.897,2.25,0.039,True,,365.12,212.62,176.95,irises,234.0,57.05,351.8,196.9,0.625,0.375,0.276,0.233,344,407,0.335,True,0.75,0.0,16.93,0.0,crisp
f027,30.0,span/keyframe,True,28.25,12.0,0.492,0.897,1.95,0.034,True,,363.88,212.38,176.62,irises,234.0,57.38,351.8,196.8,0.623,0.377,0.272,0.211,344,407,0.316,True,0.75,0.0,16.85,0.0,crisp
f028,31.7,span/keyframe,True,27.75,12.25,0.485,0.881,2.0,0.035,True,,362.62,212.38,176.82,irises,234.0,57.18,346.7,194.8,0.622,0.378,0.307,0.278,342,407,0.317,True,0.0,0.0,16.79,0.0,crisp
f029,32.9,span/keyframe,True,27.5,12.25,0.48,0.873,2.03,0.035,True,,361.5,212.38,176.73,irises,234.0,57.27,345.6,196.2,0.622,0.378,0.283,0.278,342,407,0.3,True,0.75,0.0,17.12,0.0,crisp
f030,34.5,span/keyframe,True,27.0,12.0,0.472,0.857,2.0,0.035,True,,360.5,212.38,176.83,irises,234.0,57.17,347.1,196.5,0.622,0.378,0.278,0.234,342,407,0.285,True,0.0,0.0,16.71,0.0,crisp
f031,36.5,span/keyframe,True,26.5,12.0,0.464,0.841,2.0,0.035,True,,359.0,212.38,176.88,irises,234.0,57.12,349.6,197.9,0.621,0.379,0.254,0.165,340,407,0.284,True,0.0,0.0,16.58,0.0,crisp
f032,38.5,span/keyframe,True,26.25,12.25,0.46,0.833,1.91,0.033,True,,358.12,212.38,176.92,irises,234.0,57.08,348.4,198.5,0.621,0.379,0.243,0.17,340,407,0.27,True,1.0,0.0,16.67,0.0,crisp
f033,40.0,span/keyframe,True,26.0,12.25,0.455,0.825,1.94,0.034,True,,356.75,212.38,176.83,irises,234.0,57.17,342.8,196.4,0.622,0.378,0.28,0.244,340,407,0.25,True,1.0,0.0,17.29,0.0,crisp
f034,41.9,span/keyframe,True,25.5,12.0,0.448,0.81,1.84,0.032,True,,355.5,212.38,177.03,irises,234.0,56.97,343.1,197.5,0.621,0.379,0.261,0.218,338,407,0.254,True,0.75,0.0,16.68,0.0,crisp
f035,43.7,span/keyframe,True,24.75,12.0,0.436,0.786,1.81,0.032,True,,354.38,212.38,177.22,irises,234.0,56.78,345.3,197.5,0.619,0.381,0.262,0.16,338,411,0.224,True,0.0,0.0,16.7,0.0,crisp
f036,45.3,span/keyframe,True,24.25,12.0,0.427,0.77,1.88,0.033,True,,353.12,212.38,177.16,irises,234.0,56.84,346.2,197.1,0.62,0.38,0.269,0.122,338,409,0.213,True,0.75,0.0,16.39,0.0,crisp
f037,47.4,span/keyframe,True,24.0,12.25,0.424,0.762,1.86,0.033,True,,352.0,212.38,177.41,irises,234.0,56.59,344.0,196.0,0.618,0.382,0.289,0.141,336,407,0.225,True,0.75,0.0,16.94,0.0,crisp
f038,49.2,span/keyframe,True,22.75,12.0,0.399,0.722,1.81,0.032,True,,350.88,212.38,177.04,irises,234.0,56.96,342.2,196.0,0.62,0.38,0.288,0.152,336,407,0.21,True,0.75,0.0,17.12,0.0,crisp
f039,51.1,span/keyframe,True,22.5,12.25,0.396,0.714,2.12,0.037,True,,349.5,212.62,177.18,irises,234.0,56.82,330.0,186.0,0.624,0.376,0.468,0.343,336,407,0.19,True,0.75,0.0,17.74,0.0,crisp
f040,53.1,span/keyframe,True,22.25,12.25,0.401,0.706,2.08,0.037,True,,348.12,212.62,177.51,irises,233.0,55.49,330.0,186.0,0.633,0.367,0.48,0.327,334,407,0.193,True,0.0,0.0,17.81,0.0,crisp
f041,54.7,span/keyframe,True,22.0,12.25,0.398,0.698,1.98,0.036,True,,347.0,212.62,177.72,irises,233.0,55.28,328.0,186.0,0.631,0.369,0.482,0.344,332,407,0.2,True,0.0,0.0,18.4,0.0,crisp
f042,56.8,span/keyframe,True,21.0,12.25,0.381,0.667,1.72,0.031,False,left,345.75,212.62,177.81,irises,233.0,55.19,328.0,186.0,0.631,0.369,0.482,0.322,334,407,0.161,True,0.75,0.0,17.82,-0.5,crisp
f043,58.8,span/keyframe,True,20.75,12.25,0.376,0.659,1.81,0.033,True,,344.62,212.38,177.86,irises,233.0,55.14,328.0,186.0,0.626,0.374,0.478,0.301,332,407,0.168,True,1.0,0.0,17.73,-0.25,crisp
f044,60.7,span/keyframe,True,21.5,12.75,0.386,0.683,-0.09,-0.002,False,left,342.5,212.62,177.35,irises,233.0,55.65,328.0,186.0,0.634,0.366,0.478,0.261,332,407,0.14,True,0.75,0.0,17.38,0.75,crisp
f045,62.5,span/keyframe,True,20.25,12.5,0.326,0.643,0.62,0.01,False,left,341.88,212.38,170.87,irises,233.0,62.13,326.0,196.0,0.668,0.332,0.264,0.256,332,407,0.132,True,1.0,0.0,17.56,0.0,crisp
f046,64.5,span/keyframe,True,19.5,12.0,0.347,0.619,-0.94,-0.017,False,left,340.75,212.38,176.74,front median,233.0,56.26,326.0,194.0,0.633,0.367,0.327,0.262,332,407,0.117,True,1.0,0.0,16.12,0.0,crisp
f047,66.3,span/keyframe,True,19.25,12.75,0.32,0.611,-1.44,-0.024,False,left,339.62,212.12,172.76,irises,233.0,60.24,324.0,196.0,0.653,0.347,0.268,0.259,332,407,0.102,True,1.0,0.0,15.77,0.0,crisp
f048,68.1,span/keyframe,True,18.25,14.75,0.331,0.579,-1.59,-0.029,False,left,338.88,212.12,177.91,irises,233.0,55.09,324.0,194.0,0.621,0.379,0.329,0.27,332,407,0.092,True,1.0,0.0,15.99,0.0,crisp
f049,69.8,span/keyframe,True,17.75,12.5,0.291,0.563,-1.75,-0.029,False,left,337.88,212.12,171.99,irises,233.0,61.01,322.0,196.0,0.658,0.342,0.264,0.26,330,407,0.102,True,0.75,0.0,15.94,0.0,crisp
f050,71.6,span/keyframe,True,17.0,12.5,0.302,0.54,-1.56,-0.028,False,left,337.0,212.12,176.74,front median,233.0,56.26,322.0,194.0,0.629,0.371,0.322,0.267,330,407,0.091,True,0.75,0.0,15.35,0.0,soft
f051,73.9,span/keyframe,True,16.25,14.75,0.292,0.516,-1.59,-0.029,False,left,335.88,212.12,177.36,irises,233.0,55.64,320.0,196.0,0.625,0.375,0.29,0.285,330,407,0.076,True,0.25,0.0,15.19,0.0,soft
f052,75.7,span/keyframe,True,15.75,12.25,0.252,0.5,-1.71,-0.027,False,left,335.12,212.12,172.42,irises,235.0,62.58,320.0,194.0,0.634,0.366,0.29,0.242,330,405,0.068,True,0.25,0.0,14.46,0.0,soft
f053,77.5,span/keyframe,True,15.5,13.75,0.257,0.492,-1.56,-0.026,False,left,334.25,212.12,174.59,irises,235.0,60.41,318.0,196.0,0.621,0.379,0.267,0.269,328,405,0.081,True,0.75,0.0,15.04,0.0,soft
f054,79.7,span/keyframe,True,15.0,12.25,0.262,0.476,-1.5,-0.026,False,left,333.25,212.62,177.73,irises,235.0,57.27,318.0,196.0,0.609,0.391,0.29,0.266,328,405,0.068,True,0.75,0.0,13.63,0.0,soft
f055,81.6,span/keyframe,True,14.25,11.75,0.249,0.452,-1.16,-0.02,False,left,332.12,212.88,177.75,irises,235.0,57.25,318.0,194.0,0.614,0.386,0.33,0.247,326,405,0.077,True,0.75,0.0,13.93,0.0,soft
f056,82.6,span/keyframe,True,13.75,12.0,0.247,0.437,-1.5,-0.027,False,left,331.62,212.88,179.27,irises,235.0,55.73,316.0,196.0,0.603,0.397,0.303,0.28,326,405,0.071,True,0.75,0.0,13.99,0.0,soft
f057,84.4,span/keyframe,True,13.75,12.0,0.221,0.437,-1.22,-0.02,False,left,330.62,212.88,172.82,irises,235.0,62.18,316.0,196.0,0.644,0.356,0.271,0.235,326,405,0.058,True,0.75,0.0,14.52,0.0,soft
f058,85.4,span/keyframe,True,12.75,11.25,0.219,0.405,-1.12,-0.019,False,left,329.88,212.88,176.74,front median,235.0,58.26,316.0,194.0,0.62,0.38,0.324,0.238,324,405,0.073,True,0.0,0.0,14.06,0.0,soft
f059,87.0,span/keyframe,True,12.25,11.25,0.195,0.389,-1.03,-0.016,False,left,329.38,212.88,172.29,irises,235.0,62.71,314.0,198.0,0.647,0.353,0.237,0.245,324,403,0.068,True,0.0,0.0,14.58,0.0,soft
f060,90.0,span/keyframe,True,11.75,11.25,0.202,0.373,-1.0,-0.017,False,left,328.88,212.88,176.74,front median,235.0,58.26,314.0,196.0,0.62,0.38,0.29,0.255,324,403,0.062,True,0.0,0.0,14.56,0.0,soft
f061,90.9,span/keyframe,True,11.25,11.25,0.198,0.357,-1.09,-0.019,False,left,328.38,212.88,178.25,irises,235.0,56.75,314.0,196.0,0.61,0.39,0.297,0.253,324,403,0.055,True,0.0,0.0,14.23,0.0,soft
f062,92.8,span/keyframe,True,10.75,11.25,0.185,0.341,-1.38,-0.024,False,left,327.62,213.12,176.74,front median,235.0,58.26,314.0,196.0,0.624,0.376,0.294,0.234,324,403,0.046,True,0.75,0.0,13.2,0.0,soft
f063,94.7,span/keyframe,True,9.5,11.0,0.151,0.302,-1.22,-0.019,False,left,327.5,213.12,172.19,irises,235.0,62.81,314.0,196.0,0.652,0.348,0.273,0.215,324,403,0.044,True,0.75,0.0,13.49,-0.25,soft
f064,96.6,span/keyframe,True,9.75,11.0,0.174,0.31,-1.37,-0.024,False,left,327.12,213.12,178.89,irises,235.0,56.11,314.0,196.0,0.61,0.39,0.305,0.234,324,403,0.039,True,0.75,0.0,12.37,0.25,smeared
f065,98.4,span/keyframe,True,9.25,10.75,0.167,0.294,-1.15,-0.021,False,left,326.38,213.38,179.61,irises,235.0,55.39,314.0,196.0,0.61,0.39,0.314,0.224,324,403,0.03,True,1.25,0.0,13.39,0.0,soft
f066,100.3,span/keyframe,True,8.75,10.5,0.158,0.278,-1.0,-0.018,False,left,326.38,213.38,179.5,irises,235.0,55.5,314.0,196.0,0.61,0.39,0.313,0.223,324,403,0.03,True,0.75,0.0,12.3,0.0,smeared
f067,102.2,span/keyframe,True,8.0,10.75,0.145,0.254,-1.16,-0.021,False,left,326.0,213.38,180.0,irises,235.0,55.0,314.0,196.0,0.607,0.393,0.316,0.218,324,401,0.026,True,0.75,0.0,12.77,0.0,smeared
f068,104.1,span/keyframe,True,7.75,6.25,0.133,0.246,-1.19,-0.02,False,left,325.88,213.12,176.74,front median,235.0,58.26,314.0,198.0,0.624,0.376,0.26,0.204,324,401,0.024,True,0.75,0.0,14.3,0.0,soft
f069,105.9,span/keyframe,True,7.25,6.0,0.124,0.23,-1.12,-0.019,False,left,325.62,213.12,176.74,front median,235.0,58.26,314.0,198.0,0.624,0.376,0.26,0.199,324,401,0.021,True,1.0,0.0,15.81,0.0,crisp
f070,107.8,span/keyframe,True,6.5,5.75,0.112,0.206,-1.44,-0.025,False,left,325.75,213.12,176.74,front median,235.0,58.26,314.0,198.0,0.624,0.376,0.26,0.202,324,401,0.023,True,1.0,0.0,15.15,0.0,soft
f071,109.7,span/keyframe,False,,,,,,,,,,,,,,,,,,,,,,,,,,,,,
f072,111.6,span/keyframe,False,,,,,,,,,,,,,,,,,,,,,,,,,,,,,
f073,113.4,span/keyframe,False,,,,,,,,,,,,,,,,,,,,,,,,,,,,,
f074,115.3,span/keyframe,False,,,,,,,,,,,,,,,,,,,,,,,,,,,,,
f075,117.2,span/keyframe,False,,,,,,,,,,,,,,,,,,,,,,,,,,,,,
f076,119.1,span/keyframe,False,,,,,,,,,,,,,,,,,,,,,,,,,,,,,
f077,120.9,span/keyframe,False,,,,,,,,,,,,,,,,,,,,,,,,,,,,,
f078,122.8,span/keyframe,False,,,,,,,,,,,,,,,,,,,,,,,,,,,,,
f079,124.7,span/keyframe,False,,,,,,,,,,,,,,,,,,,,,,,,,,,,,
f080,126.6,span/keyframe,False,,,,,,,,,,,,,,,,,,,,,,,,,,,,,
f081,128.4,span/keyframe,False,,,,,,,,,,,,,,,,,,,,,,,,,,,,,
f082,130.3,span/keyframe,False,,,,,,,,,,,,,,,,,,,,,,,,,,,,,
f083,132.2,span/keyframe,False,,,,,,,,,,,,,,,,,,,,,,,,,,,,,
f084,134.1,span/keyframe,False,,,,,,,,,,,,,,,,,,,,,,,,,,,,,
f085,135.9,span/keyframe,False,,,,,,,,,,,,,,,,,,,,,,,,,,,,,
f086,137.8,span/keyframe,False,,,,,,,,,,,,,,,,,,,,,,,,,,,,,
f087,139.7,span/keyframe,False,,,,,,,,,,,,,,,,,,,,,,,,,,,,,
f088,141.6,span/keyframe,False,,,,,,,,,,,,,,,,,,,,,,,,,,,,,
f089,143.4,span/keyframe,False,,,,,,,,,,,,,,,,,,,,,,,,,,,,,
f090,145.3,span/keyframe,False,,,,,,,,,,,,,,,,,,,,,,,,,,,,,
f091,147.2,span/keyframe,False,,,,,,,,,,,,,,,,,,,,,,,,,,,,,
f092,149.1,span/keyframe,False,,,,,,,,,,,,,,,,,,,,,,,,,,,,,
f093,150.9,span/keyframe,False,,,,,,,,,,,,,,,,,,,,,,,,,,,,,
f094,152.8,span/keyframe,False,,,,,,,,,,,,,,,,,,,,,,,,,,,,,
f095,154.7,span/keyframe,False,,,,,,,,,,,,,,,,,,,,,,,,,,,,,
f096,156.6,span/keyframe,False,,,,,,,,,,,,,,,,,,,,,,,,,,,,,
f097,158.4,span/keyframe,False,,,,,,,,,,,,,,,,,,,,,,,,,,,,,
f098,160.3,span/keyframe,False,,,,,,,,,,,,,,,,,,,,,,,,,,,,,
f099,162.2,span/keyframe,False,,,,,,,,,,,,,,,,,,,,,,,,,,,,,
f100,164.1,span/keyframe,False,,,,,,,,,,,,,,,,,,,,,,,,,,,,,
f101,165.9,span/keyframe,False,,,,,,,,,,,,,,,,,,,,,,,,,,,,,
f102,167.8,span/keyframe,False,,,,,,,,,,,,,,,,,,,,,,,,,,,,,
f103,169.7,span/keyframe,False,,,,,,,,,,,,,,,,,,,,,,,,,,,,,
f104,171.6,span/keyframe,False,,,,,,,,,,,,,,,,,,,,,,,,,,,,,
f105,173.4,span/keyframe,False,,,,,,,,,,,,,,,,,,,,,,,,,,,,,
f106,175.3,span/keyframe,False,,,,,,,,,,,,,,,,,,,,,,,,,,,,,
f107,177.2,span/keyframe,False,,,,,,,,,,,,,,,,,,,,,,,,,,,,,
f108,179.1,span/keyframe,False,,,,,,,,,,,,,,,,,,,,,,,,,,,,,
f109,180.9,span/keyframe,False,,,,,,,,,,,,,,,,,,,,,,,,,,,,,
f110,182.7,span/keyframe,False,,,,,,,,,,,,,,,,,,,,,,,,,,,,,
f111,184.5,span/keyframe,False,,,,,,,,,,,,,,,,,,,,,,,,,,,,,
f112,186.3,span/keyframe,False,,,,,,,,,,,,,,,,,,,,,,,,,,,,,
f113,188.1,span/keyframe,False,,,,,,,,,,,,,,,,,,,,,,,,,,,,,
f114,189.9,span/keyframe,False,,,,,,,,,,,,,,,,,,,,,,,,,,,,,
f115,191.7,span/keyframe,False,,,,,,,,,,,,,,,,,,,,,,,,,,,,,
f116,193.5,span/keyframe,False,,,,,,,,,,,,,,,,,,,,,,,,,,,,,
f117,195.3,span/keyframe,False,,,,,,,,,,,,,,,,,,,,,,,,,,,,,
f118,197.1,span/keyframe,False,,,,,,,,,,,,,,,,,,,,,,,,,,,,,
f119,198.9,span/keyframe,False,,,,,,,,,,,,,,,,,,,,,,,,,,,,,
f120,200.7,span/keyframe,False,,,,,,,,,,,,,,,,,,,,,,,,,,,,,
f121,202.5,span/keyframe,False,,,,,,,,,,,,,,,,,,,,,,,,,,,,,
f122,204.3,span/keyframe,False,,,,,,,,,,,,,,,,,,,,,,,,,,,,,
f123,206.1,span/keyframe,False,,,,,,,,,,,,,,,,,,,,,,,,,,,,,
f124,207.9,span/keyframe,False,,,,,,,,,,,,,,,,,,,,,,,,,,,,,
f125,209.7,span/keyframe,False,,,,,,,,,,,,,,,,,,,,,,,,,,,,,
f126,211.5,span/keyframe,False,,,,,,,,,,,,,,,,,,,,,,,,,,,,,
f127,213.3,span/keyframe,False,,,,,,,,,,,,,,,,,,,,,,,,,,,,,
f128,215.1,span/keyframe,False,,,,,,,,,,,,,,,,,,,,,,,,,,,,,
f129,216.9,span/keyframe,False,,,,,,,,,,,,,,,,,,,,,,,,,,,,,
f130,218.7,span/keyframe,False,,,,,,,,,,,,,,,,,,,,,,,,,,,,,
f131,220.5,span/keyframe,False,,,,,,,,,,,,,,,,,,,,,,,,,,,,,
f132,222.3,span/keyframe,False,,,,,,,,,,,,,,,,,,,,,,,,,,,,,
f133,224.1,span/keyframe,False,,,,,,,,,,,,,,,,,,,,,,,,,,,,,
f134,225.9,span/keyframe,False,,,,,,,,,,,,,,,,,,,,,,,,,,,,,
f135,227.7,span/keyframe,False,,,,,,,,,,,,,,,,,,,,,,,,,,,,,
f136,229.5,span/keyframe,False,,,,,,,,,,,,,,,,,,,,,,,,,,,,,
f137,231.3,span/keyframe,False,,,,,,,,,,,,,,,,,,,,,,,,,,,,,
f138,233.1,span/keyframe,False,,,,,,,,,,,,,,,,,,,,,,,,,,,,,
f139,234.9,span/keyframe,False,,,,,,,,,,,,,,,,,,,,,,,,,,,,,
f140,236.7,span/keyframe,False,,,,,,,,,,,,,,,,,,,,,,,,,,,,,
f141,238.5,span/keyframe,False,,,,,,,,,,,,,,,,,,,,,,,,,,,,,
f142,240.3,span/keyframe,False,,,,,,,,,,,,,,,,,,,,,,,,,,,,,
f143,242.1,span/keyframe,False,,,,,,,,,,,,,,,,,,,,,,,,,,,,,
f144,243.9,span/keyframe,False,,,,,,,,,,,,,,,,,,,,,,,,,,,,,
f145,245.7,span/keyframe,False,,,,,,,,,,,,,,,,,,,,,,,,,,,,,
f146,247.5,span/keyframe,False,,,,,,,,,,,,,,,,,,,,,,,,,,,,,
f147,249.3,span/keyframe,False,,,,,,,,,,,,,,,,,,,,,,,,,,,,,
f148,251.1,span/keyframe,False,,,,,,,,,,,,,,,,,,,,,,,,,,,,,
f149,252.9,span/keyframe,True,4.5,7.75,0.077,0.143,-0.22,-0.004,False,right,432.75,213.62,176.74,front median,235.0,58.26,443.0,196.0,0.633,0.367,0.302,-0.176,358,433,0.997,True,0.75,0.0,15.43,0.0,soft
f150,254.7,span/keyframe,True,4.75,9.0,0.082,0.151,1.15,0.02,False,right,432.38,213.62,176.74,front median,235.0,58.26,443.0,196.0,0.633,0.367,0.302,-0.182,358,433,0.992,True,0.75,0.0,14.1,0.0,soft
f151,256.5,span/keyframe,True,4.75,9.25,0.082,0.151,3.63,0.062,False,right,432.12,213.62,176.74,front median,235.0,58.26,443.0,196.0,0.633,0.367,0.302,-0.187,358,433,0.988,True,0.0,0.0,14.58,0.0,soft
f152,258.3,span/keyframe,True,5.5,9.0,0.094,0.175,0.69,0.012,False,right,432.25,213.62,176.74,front median,235.0,58.26,443.0,196.0,0.633,0.367,0.302,-0.185,358,433,0.99,True,0.0,0.0,14.2,0.0,soft
f153,260.1,span/keyframe,True,7.5,9.5,0.129,0.238,-0.63,-0.011,False,right,433.0,213.62,176.74,front median,235.0,58.26,445.0,198.0,0.633,0.367,0.268,-0.206,356,433,1.0,True,1.25,0.0,15.52,0.0,crisp
f154,261.9,span/keyframe,True,8.25,9.25,0.142,0.262,-0.72,-0.012,False,right,432.88,213.62,176.74,front median,235.0,58.26,445.0,198.0,0.633,0.367,0.268,-0.208,356,433,0.998,True,1.0,0.0,14.3,0.0,soft
f155,263.7,span/keyframe,True,9.5,11.0,0.163,0.302,-1.44,-0.025,False,right,433.25,213.12,176.74,front median,235.0,58.26,445.0,198.0,0.624,0.376,0.26,-0.202,356,435,0.978,True,1.0,0.0,14.27,0.0,soft
f156,265.5,span/keyframe,True,10.0,10.75,0.172,0.317,-1.37,-0.024,False,right,433.0,213.38,176.74,front median,235.0,58.26,445.0,198.0,0.629,0.371,0.264,-0.206,356,435,0.975,True,0.0,0.0,14.03,0.0,soft
f157,267.3,span/keyframe,True,10.5,15.75,0.18,0.333,-4.6,-0.079,False,right,433.0,213.12,176.74,front median,235.0,58.26,445.0,198.0,0.624,0.376,0.26,-0.206,356,435,0.975,True,0.0,0.0,14.9,0.0,soft
f158,269.1,span/keyframe,True,11.25,15.5,0.193,0.357,-4.6,-0.079,False,right,432.62,213.12,176.74,front median,235.0,58.26,445.0,198.0,0.624,0.376,0.26,-0.212,356,435,0.97,True,0.0,0.0,14.64,0.0,soft
f159,270.0,span/keyframe,True,11.75,15.5,0.202,0.373,-4.56,-0.078,False,right,432.38,213.12,176.74,front median,235.0,58.26,445.0,198.0,0.624,0.376,0.26,-0.217,356,435,0.967,True,0.0,0.0,14.77,0.0,soft
f160,270.0,span/keyframe,True,12.25,15.75,0.21,0.389,-4.53,-0.078,False,right,432.12,212.88,176.74,front median,235.0,58.26,445.0,198.0,0.62,0.38,0.255,-0.221,356,435,0.964,True,1.0,0.0,14.71,0.0,soft
f161,272.2,span/keyframe,True,12.5,14.0,0.215,0.397,-3.22,-0.055,False,right,431.75,212.88,176.74,front median,235.0,58.26,445.0,198.0,0.62,0.38,0.255,-0.227,356,435,0.959,True,0.75,0.0,15.25,0.25,soft
f162,273.8,span/keyframe,True,12.25,10.5,0.21,0.389,-0.75,-0.013,False,right,430.88,212.88,176.74,front median,235.0,58.26,445.0,198.0,0.62,0.38,0.255,-0.242,356,435,0.948,True,0.75,0.0,14.46,-0.25,soft
f163,275.1,span/keyframe,True,12.75,12.25,0.219,0.405,-0.79,-0.014,False,right,430.62,212.88,176.74,front median,235.0,58.26,443.0,196.0,0.62,0.38,0.29,-0.212,356,433,0.969,True,1.0,0.0,14.44,0.0,soft
f164,276.0,span/keyframe,True,12.75,12.0,0.219,0.405,-0.66,-0.011,False,right,430.12,212.88,176.74,front median,235.0,58.26,443.0,196.0,0.62,0.38,0.29,-0.221,356,433,0.963,True,0.75,0.0,14.37,0.0,soft
f165,277.0,span/keyframe,True,13.25,12.0,0.227,0.421,-0.53,-0.009,False,right,429.62,212.88,176.74,front median,235.0,58.26,443.0,196.0,0.62,0.38,0.29,-0.23,356,433,0.956,True,0.75,0.0,14.06,0.0,soft
f166,277.8,span/keyframe,True,14.0,11.5,0.24,0.444,-0.72,-0.012,False,right,429.0,212.88,176.74,front median,235.0,58.26,443.0,196.0,0.62,0.38,0.29,-0.24,356,433,0.948,True,0.0,0.0,13.53,0.0,soft
f167,279.4,span/keyframe,True,14.0,11.25,0.24,0.444,-0.59,-0.01,False,right,428.25,212.88,176.74,front median,235.0,58.26,443.0,198.0,0.62,0.38,0.255,-0.253,356,433,0.938,True,0.0,0.0,12.68,0.0,smeared
f168,281.5,span/keyframe,True,14.25,11.25,0.245,0.452,-0.5,-0.009,False,right,427.62,212.88,176.74,front median,235.0,58.26,441.0,194.0,0.62,0.38,0.324,-0.23,356,431,0.955,True,0.75,0.0,13.85,0.0,soft
f169,283.3,span/keyframe,True,14.5,12.75,0.249,0.46,-0.4,-0.007,False,right,427.0,212.62,176.74,front median,235.0,58.26,441.0,196.0,0.616,0.384,0.285,-0.24,356,431,0.947,True,0.75,0.0,14.61,0.0,soft
f170,284.9,span/keyframe,True,15.5,12.0,0.266,0.492,-0.66,-0.011,False,right,426.5,212.12,176.74,front median,235.0,58.26,441.0,196.0,0.607,0.393,0.277,-0.249,356,431,0.94,True,0.0,0.0,13.71,0.0,soft
f171,286.6,span/keyframe,True,16.25,11.75,0.279,0.516,-0.97,-0.017,False,right,425.88,212.12,176.74,front median,235.0,58.26,441.0,198.0,0.607,0.393,0.242,-0.26,356,431,0.932,True,0.0,0.0,14.11,0.25,soft
f172,288.6,span/keyframe,True,16.0,11.25,0.275,0.508,-0.44,-0.008,False,right,425.0,212.62,176.74,front median,235.0,58.26,439.0,196.0,0.616,0.384,0.285,-0.24,356,431,0.92,True,0.75,0.0,14.55,-0.25,soft
f173,290.2,span/keyframe,True,16.5,13.75,0.283,0.524,-0.69,-0.012,False,right,424.25,212.62,176.74,front median,235.0,58.26,439.0,196.0,0.616,0.384,0.285,-0.253,356,429,0.935,True,0.0,0.0,14.9,0.0,soft
f174,291.7,span/keyframe,True,17.25,13.5,0.296,0.548,-0.94,-0.016,False,right,423.62,212.12,176.74,front median,235.0,58.26,439.0,196.0,0.607,0.393,0.277,-0.264,356,429,0.926,True,0.0,0.0,14.57,0.0,soft
f175,293.5,span/keyframe,True,18.0,13.25,0.309,0.571,-0.85,-0.015,False,right,423.0,212.62,176.74,front median,235.0,58.26,437.0,194.0,0.616,0.384,0.32,-0.24,356,429,0.918,True,0.0,0.0,14.71,0.25,soft
f176,294.8,span/keyframe,True,17.75,13.25,0.305,0.563,-0.22,-0.004,False,right,421.88,212.38,176.74,front median,235.0,58.26,437.0,196.0,0.612,0.388,0.281,-0.26,356,429,0.902,True,0.0,0.0,14.68,-0.25,soft
f177,296.4,span/keyframe,True,18.5,13.25,0.318,0.587,-0.37,-0.006,False,right,421.25,212.38,176.74,front median,235.0,58.26,437.0,196.0,0.612,0.388,0.281,-0.27,356,427,0.919,True,0.0,0.0,15.46,0.0,soft
f178,298.5,span/keyframe,True,19.25,13.5,0.337,0.611,-0.22,-0.004,False,right,420.62,212.38,177.93,irises,235.0,57.07,435.0,194.0,0.604,0.396,0.322,-0.252,356,427,0.91,True,0.0,0.0,14.61,0.0,soft
f179,300.0,span/keyframe,True,20.25,14.0,0.355,0.643,-0.32,-0.006,False,right,420.12,212.62,177.9,irises,235.0,57.1,435.0,196.0,0.608,0.392,0.291,-0.261,356,427,0.903,True,0.25,0.0,14.4,0.0,soft
f180,301.6,span/keyframe,True,20.75,13.75,0.364,0.659,-0.38,-0.007,False,right,419.38,212.62,177.99,irises,235.0,57.01,433.0,186.0,0.607,0.393,0.467,-0.239,356,427,0.893,True,1.0,0.0,15.13,0.0,soft
f181,303.2,span/keyframe,True,21.75,13.5,0.367,0.69,-0.38,-0.006,False,right,418.88,212.62,175.75,irises,235.0,59.25,433.0,186.0,0.622,0.378,0.449,-0.238,356,427,0.886,True,1.0,0.0,16.65,0.5,crisp
f182,304.8,span/keyframe,True,21.25,12.25,0.373,0.675,1.13,0.02,False,right,417.88,212.62,178.01,irises,235.0,56.99,433.0,186.0,0.607,0.393,0.467,-0.265,356,427,0.872,True,0.75,0.0,16.58,-0.5,crisp
f183,306.5,span/keyframe,True,22.0,12.0,0.382,0.698,2.46,0.043,False,right,417.25,212.62,177.43,irises,235.0,57.57,433.0,186.0,0.611,0.389,0.462,-0.274,356,427,0.863,True,0.0,0.0,16.81,0.0,crisp
f184,308.1,span/keyframe,True,23.5,11.75,0.408,0.746,1.28,0.022,False,right,416.75,212.62,177.46,irises,235.0,57.54,433.0,186.0,0.611,0.389,0.463,-0.282,356,427,0.856,True,0.0,0.0,17.13,1.5,soft
f185,309.8,span/keyframe,True,22.0,12.0,0.402,0.698,1.42,0.026,True,,414.75,212.38,177.22,irises,232.0,54.78,433.0,186.0,0.642,0.358,0.482,-0.333,356,427,0.827,True,0.0,0.0,17.67,-0.25,crisp
f186,311.3,span/keyframe,True,22.25,12.0,0.408,0.706,1.66,0.03,True,,413.88,212.38,177.43,irises,232.0,54.57,419.1,195.3,0.64,0.36,0.313,-0.096,356,427,0.815,True,0.0,0.0,17.07,-0.25,crisp
f187,312.8,span/keyframe,True,22.5,12.0,0.404,0.714,1.64,0.029,True,,413.0,212.38,177.35,irises,233.0,55.65,418.7,195.5,0.629,0.371,0.303,-0.102,356,427,0.803,True,0.0,0.0,16.96,0.0,crisp
f188,314.4,span/keyframe,True,22.75,12.5,0.407,0.722,1.64,0.029,True,,412.12,212.38,177.04,irises,233.0,55.96,418.9,196.0,0.632,0.368,0.293,-0.121,356,425,0.813,True,0.0,0.0,16.58,0.0,crisp
f189,316.0,span/keyframe,True,23.0,12.75,0.413,0.73,1.66,0.03,True,,411.25,212.38,177.28,irises,233.0,55.72,419.1,196.5,0.63,0.37,0.285,-0.141,356,425,0.801,True,0.0,0.0,16.88,0.0,crisp
f190,317.6,span/keyframe,True,23.75,12.25,0.418,0.754,1.83,0.032,True,,410.12,212.62,177.19,irises,234.0,56.81,418.6,196.5,0.624,0.376,0.284,-0.149,354,425,0.79,True,0.0,0.0,16.33,0.0,crisp
f191,318.9,span/keyframe,True,24.0,12.25,0.422,0.762,1.69,0.03,True,,409.25,212.62,177.17,irises,234.0,56.83,418.1,196.5,0.624,0.376,0.284,-0.156,354,425,0.778,True,0.0,0.0,16.6,0.0,crisp
f192,320.6,span/keyframe,True,24.5,12.25,0.432,0.778,1.75,0.031,True,,408.5,212.62,177.33,irises,234.0,56.67,418.8,195.7,0.623,0.377,0.299,-0.182,356,423,0.784,True,0.0,0.0,16.6,0.0,crisp
f193,321.8,span/keyframe,True,25.0,12.25,0.438,0.794,2.17,0.038,True,,407.5,213.12,176.96,irises,234.0,57.04,418.0,196.7,0.634,0.366,0.288,-0.184,356,423,0.769,True,0.75,0.0,17.13,0.0,crisp
f194,323.8,span/keyframe,True,25.25,12.25,0.444,0.802,1.52,0.027,True,,406.62,212.62,177.13,irises,234.0,56.87,411.6,196.3,0.624,0.376,0.287,-0.088,356,423,0.756,True,0.0,0.0,17.05,0.0,crisp
f195,325.5,span/keyframe,True,26.0,12.5,0.459,0.825,1.39,0.025,True,,405.75,212.38,177.31,irises,234.0,56.69,411.4,196.9,0.619,0.381,0.273,-0.1,356,423,0.743,True,0.75,0.0,17.08,0.0,crisp
f196,326.8,span/keyframe,True,26.5,12.25,0.466,0.841,1.52,0.027,True,,405.0,212.38,177.14,irises,234.0,56.86,409.9,196.8,0.62,0.38,0.274,-0.086,356,423,0.731,True,0.75,0.0,17.01,0.0,crisp
f197,328.0,span/keyframe,True,26.75,12.25,0.469,0.849,1.47,0.026,True,,403.88,212.38,176.98,irises,234.0,57.02,409.2,195.8,0.621,0.379,0.291,-0.093,356,421,0.737,True,0.75,0.0,17.64,0.0,crisp
f198,329.3,span/keyframe,True,27.0,12.25,0.474,0.857,1.52,0.027,True,,403.0,212.38,177.02,irises,234.0,56.98,410.6,196.0,0.621,0.379,0.287,-0.133,356,421,0.723,True,0.75,0.0,17.4,0.0,crisp
f199,330.9,blend,True,27.5,12.5,0.482,0.873,1.64,0.029,True,,402.25,212.38,176.97,irises,234.0,57.03,412.4,194.8,0.621,0.379,0.308,-0.178,356,421,0.712,True,0.75,0.0,17.31,0.0,crisp
f200,331.9,blend,True,28.0,12.5,0.495,0.889,1.69,0.03,True,,401.25,212.38,177.4,irises,234.0,56.6,410.8,194.9,0.618,0.382,0.309,-0.169,356,421,0.696,True,0.75,0.0,17.06,0.0,crisp
f201,333.5,blend,True,28.0,12.5,0.482,0.889,1.64,0.028,True,,400.25,212.38,176.9,irises,235.0,58.1,407.5,195.6,0.611,0.389,0.289,-0.125,356,421,0.681,True,0.75,0.0,17.31,0.0,crisp
f202,333.8,blend,True,28.25,12.5,0.489,0.897,1.36,0.024,True,,399.38,212.12,177.22,irises,235.0,57.78,405.8,195.8,0.604,0.396,0.282,-0.111,356,419,0.689,True,0.0,0.0,16.83,0.0,crisp
f203,335.3,blend,True,28.75,12.5,0.497,0.913,1.17,0.02,True,,398.38,211.88,177.18,irises,235.0,57.82,404.4,195.3,0.6,0.4,0.287,-0.104,356,419,0.673,True,0.0,0.0,17.31,0.0,crisp
f204,337.4,blend,True,29.0,12.75,0.51,0.921,0.91,0.016,True,,397.5,211.62,177.12,irises,234.0,56.88,399.5,194.8,0.607,0.393,0.296,-0.035,358,419,0.648,True,0.0,0.0,16.9,0.0,crisp
f205,339.2,blend,True,29.25,12.75,0.514,0.929,1.47,0.026,True,,396.62,212.12,177.08,irises,234.0,56.92,398.7,197.0,0.616,0.384,0.266,-0.037,358,419,0.633,True,0.0,0.0,17.24,0.0,crisp
f206,341.1,blend,True,29.5,12.75,0.519,0.937,1.69,0.03,True,,395.75,212.38,177.17,irises,234.0,56.83,394.9,196.4,0.62,0.38,0.281,0.015,358,419,0.619,True,0.0,0.0,16.91,0.0,crisp
f207,341.0,blend,True,29.5,12.5,0.508,0.937,1.64,0.028,True,,395.0,212.38,176.94,irises,235.0,58.06,399.5,196.7,0.61,0.39,0.27,-0.078,358,417,0.627,True,0.0,0.0,16.9,0.0,crisp
f208,341.7,blend,True,29.75,12.5,0.513,0.944,1.62,0.028,True,,394.12,212.38,177.06,irises,235.0,57.94,395.5,197.0,0.61,0.39,0.265,-0.024,356,417,0.625,True,0.0,0.0,16.8,0.0,crisp
f209,343.5,blend,True,30.0,12.5,0.518,0.952,1.62,0.028,True,,393.25,212.38,177.08,irises,235.0,57.92,396.0,197.6,0.609,0.391,0.255,-0.047,356,417,0.611,True,0.0,0.0,16.92,0.0,crisp
f210,344.7,blend,True,30.25,12.25,0.522,0.96,1.69,0.029,True,,392.88,212.38,177.01,irises,235.0,57.99,394.2,198.8,0.61,0.39,0.234,-0.023,356,417,0.605,True,0.0,0.0,16.15,0.25,crisp
f211,346.7,blend,True,30.0,12.25,0.517,0.952,1.62,0.028,True,,392.0,212.38,176.94,irises,235.0,58.06,395.7,198.4,0.61,0.39,0.241,-0.064,356,417,0.59,True,0.0,0.0,16.67,-0.25,crisp
f212,348.8,blend,True,30.25,12.25,0.521,0.96,1.66,0.029,True,,391.12,212.38,176.98,irises,235.0,58.02,390.9,198.4,0.61,0.39,0.241,0.004,356,417,0.576,True,0.0,0.0,16.64,0.0,crisp
f213,347.8,blend,True,30.5,12.25,0.525,0.968,1.67,0.029,True,,390.5,212.38,176.95,irises,235.0,58.05,389.8,198.3,0.61,0.39,0.243,0.012,356,415,0.585,True,0.0,0.0,16.87,0.0,crisp
f214,349.3,blend,True,30.75,12.5,0.531,0.976,1.7,0.029,True,,389.88,212.38,177.05,irises,235.0,57.95,387.6,198.0,0.61,0.39,0.248,0.039,356,415,0.574,True,0.0,0.0,16.45,0.0,crisp
f215,351.2,face cue,True,30.75,12.75,0.529,0.976,1.7,0.029,True,,389.12,212.38,176.86,irises,235.0,58.14,391.2,199.8,0.611,0.389,0.216,-0.036,356,415,0.561,True,0.0,0.0,16.6,0.0,crisp
f216,350.6,face cue,True,31.0,12.5,0.532,0.984,1.69,0.029,True,,388.5,212.38,176.78,irises,235.0,58.22,385.8,198.1,0.611,0.389,0.245,0.046,354,415,0.566,True,0.0,0.0,16.55,0.0,crisp
f217,351.8,face cue,True,31.0,12.5,0.531,0.984,1.73,0.03,True,,388.0,212.38,176.65,irises,235.0,58.35,388.7,199.7,0.612,0.388,0.217,-0.012,354,415,0.557,True,0.0,0.0,16.8,0.0,crisp
f218,353.0,face cue,True,31.0,12.5,0.533,0.984,1.73,0.03,True,,387.5,212.38,176.82,irises,235.0,58.18,386.4,198.8,0.611,0.389,0.233,0.019,354,415,0.549,True,0.0,0.0,16.84,0.0,crisp
f219,354.2,face cue,True,31.0,12.5,0.532,0.984,1.73,0.03,True,,387.0,212.38,176.72,irises,235.0,58.28,387.5,199.6,0.612,0.388,0.219,-0.009,354,415,0.541,True,0.0,0.0,16.28,0.0,crisp
f220,355.3,face cue,True,31.0,12.5,0.529,0.984,1.77,0.03,True,,386.5,212.38,176.4,irises,235.0,58.6,382.9,197.8,0.614,0.386,0.249,0.061,354,415,0.533,True,0.0,0.0,16.5,0.0,crisp
f221,353.7,face cue,True,31.25,12.5,0.535,0.992,1.77,0.03,True,,386.12,212.38,176.54,irises,235.0,58.46,386.9,199.7,0.613,0.387,0.217,-0.013,354,413,0.544,True,0.0,0.0,16.53,0.0,crisp
f222,354.6,face cue,True,31.5,12.5,0.538,1.0,1.8,0.031,True,,385.75,212.38,176.45,irises,235.0,58.55,381.6,197.8,0.614,0.386,0.249,0.071,354,413,0.538,True,0.0,0.0,16.07,0.25,crisp
f223,355.5,face cue,True,31.25,12.5,0.534,0.992,2.08,0.036,True,,385.38,212.62,176.44,irises,235.0,58.56,385.5,199.5,0.618,0.382,0.224,-0.002,354,413,0.532,True,0.0,0.0,16.44,-0.25,crisp
f224,356.7,face cue,True,31.75,12.75,0.544,1.008,2.08,0.036,True,,384.88,212.62,176.66,irises,235.0,58.34,379.8,197.3,0.616,0.384,0.263,0.087,354,413,0.523,True,0.0,0.0,16.65,0.25,crisp
f225,357.6,face cue,True,31.5,12.75,0.538,1.0,2.09,0.036,True,,384.5,212.62,176.47,irises,235.0,58.53,382.2,198.6,0.618,0.382,0.24,0.039,354,413,0.517,True,0.0,0.0,17.0,-0.25,crisp
f226,358.8,face cue,True,32.0,12.5,0.547,1.016,2.09,0.036,True,,384.0,212.62,176.48,irises,235.0,58.52,384.0,199.5,0.618,0.382,0.224,0.0,354,413,0.508,True,0.0,0.0,16.63,0.25,crisp
f227,356.8,face cue,True,31.75,12.75,0.544,1.008,2.12,0.036,True,,383.88,212.62,176.68,irises,235.0,58.32,379.7,197.9,0.616,0.384,0.252,0.072,352,413,0.523,True,0.0,0.0,16.91,0.0,crisp
f228,357.9,face cue,True,31.75,12.5,0.544,1.008,2.34,0.04,True,,383.38,212.88,176.62,irises,235.0,58.38,383.3,199.6,0.621,0.379,0.227,0.001,352,413,0.514,True,0.0,0.0,16.9,0.0,crisp
f229,358.6,face cue,True,31.75,12.5,0.544,1.008,2.38,0.041,True,,383.12,212.88,176.67,irises,235.0,58.33,382.9,199.7,0.621,0.379,0.226,0.004,352,413,0.51,True,0.0,0.0,16.98,0.0,crisp
f230,359.1,face cue,True,32.25,12.5,0.553,1.024,2.36,0.04,True,,382.88,212.88,176.66,irises,235.0,58.34,378.7,197.9,0.621,0.379,0.257,0.072,352,413,0.506,True,0.0,0.0,16.84,0.5,crisp
f231,359.4,face cue,True,32.0,12.5,0.548,1.016,2.12,0.036,True,,382.75,212.62,176.65,irises,235.0,58.35,379.5,198.1,0.616,0.384,0.249,0.056,352,413,0.504,True,0.0,0.0,16.86,0.25,crisp
f232,359.7,face cue,True,31.75,12.5,0.544,1.008,2.11,0.036,True,,382.62,212.62,176.64,irises,235.0,58.36,378.3,198.0,0.617,0.383,0.251,0.074,352,413,0.502,True,0.75,0.0,16.88,0.0,crisp
f233,360.0,face cue,True,31.5,12.5,0.54,1.0,2.14,0.037,True,,382.5,212.62,176.68,irises,235.0,58.32,378.3,198.3,0.616,0.384,0.246,0.072,352,413,0.5,True,0.75,0.0,17.06,0.0,crisp
f234,360.0,face cue,True,31.5,12.75,0.54,1.0,2.12,0.036,True,,382.5,212.62,176.71,irises,235.0,58.29,381.7,199.9,0.616,0.384,0.218,0.014,352,413,0.5,True,0.0,0.0,17.01,0.0,crisp
f235,360.0,face cue,True,31.5,12.75,0.541,1.0,2.12,0.036,True,,382.5,212.62,176.74,front median,235.0,58.26,381.8,199.9,0.616,0.384,0.218,0.012,352,413,0.5,True,0.0,0.0,17.01,0.0,crisp
f236,360.0,face cue,True,31.5,12.75,0.541,1.0,2.12,0.036,True,,382.5,212.62,176.74,front median,235.0,58.26,381.8,199.9,0.616,0.384,0.218,0.012,352,413,0.5,True,0.0,0.0,17.02,0.0,crisp
f237,360.0,face cue,True,31.5,12.75,0.541,1.0,2.12,0.036,True,,382.5,212.62,176.74,front median,235.0,58.26,381.8,199.9,0.616,0.384,0.218,0.012,352,413,0.5,True,0.0,0.0,17.22,0.0,crisp
f238,360.0,face cue,True,31.5,12.75,0.541,1.0,2.12,0.036,True,,382.5,212.62,176.74,front median,235.0,58.26,381.8,199.9,0.616,0.384,0.218,0.012,352,413,0.5,True,0.0,0.0,17.14,0.0,crisp
f239,360.0,face cue,True,31.5,12.75,0.541,1.0,2.38,0.041,True,,382.5,212.88,176.76,irises,235.0,58.24,381.8,199.9,0.62,0.38,0.223,0.012,352,413,0.5,True,0.0,0.0,17.08,0.0,crisp
f240,360.0,face cue,True,31.5,12.75,0.541,1.0,2.38,0.041,True,,382.5,212.88,176.76,irises,235.0,58.24,381.8,199.9,0.62,0.38,0.223,0.012,352,413,0.5,True,0.0,0.0,17.08,0.0,crisp
f241,360.0,face cue,True,31.5,12.75,0.541,1.0,2.38,0.041,True,,382.5,212.88,176.79,irises,235.0,58.21,381.8,199.9,0.62,0.38,0.223,0.012,352,413,0.5,True,0.0,0.0,17.08,0.0,crisp
