frame,t_s,apose_lift_px,tpose_lift_px,left_lift_px,right_lift_px,back_lift_px,apose_sideA_dy,tpose_sideA_dy,left_sideA_dy,right_sideA_dy,back_sideA_dy,apose_sideB_dy,tpose_sideB_dy,left_sideB_dy,right_sideB_dy,back_sideB_dy
0,0,0,0,0,0,0,0,0,0,0,0,0,0,0,0,0
1,0.03333,0,0,0,0,0,0,0,0,0,0,0,0,0,0,0
2,0.06667,0,0,0,0,0,0,0,0,0,0,0,0,0,0,0
3,0.1,0,0,0,0,0,0,0,0,0,0,0,0,0,0,0
4,0.13333,0,0,0,0,0,0,0,0,0,0,0,0,0,0,0
5,0.16667,0,0,0,0,0,0,0,0,0,0,0,0,0,0,0
6,0.2,0,0,0,0,0,0,0,0,0,0,0,0,0,0,0
7,0.23333,0,0,0,0,0,0,0,0,0,0,0,0,0,0,0
8,0.26667,0,0,0,0,0,0,0,0,0,0,0,0,0,0,0
9,0.3,0,0,0,0,0,0,0,0,0,0,0,0,0,0,0
10,0.33333,0,0,0,0,0,0,0,0,0,0,0,0,0,0,0
11,0.36667,0,0,0,0,0,0,0,0,0,0,0,0,0,0,0
12,0.4,0,0,0,0,0,0,0,0,0,0,0,0,0,0,0
13,0.43333,0,0,0,0,0,0,0,0,0,0,0,0,0,0,0
14,0.46667,0,0,0,0,0,0,0,0,0,0,0,0,0,0,0
15,0.5,0,0,0,0,0,0,0,0,0,0,0,0,0,0,0
16,0.53333,0,0,0,0,0,0,0,0,0,0,0,0,0,0,0
17,0.56667,0,0,0,0,0,0,0,0,0,0,0,0,0,0,0
18,0.6,0,0,0,0,0,0,0,0,0,0,0,0,0,0,0
19,0.63333,0,0,0,0,0,0,0,0,0,0,0,0,0,0,0
20,0.66667,0,0,0,0,0,0,0,0,0,0,0,0,0,0,0
21,0.7,0,0,0,0,0,0,0,0,0,0,0,0,0,0,0
22,0.73333,0,0,0,0,0,0,0,0,0,0,0,0,0,0,0
23,0.76667,0,0,0,0,0,0,0,0,0,0,0,0,0,0,0
24,0.8,0,0,0,0,0,0,0,0,0,0,0,0,0,0,0
25,0.83333,0,0,0,0,0,0,0,0,0,0,0,0,0,0,0
26,0.86667,0,0,0,0,0,0,0,0,0,0,0,0,0,0,0
27,0.9,0,0,0,0,0,0,0,0,0,0,0,0,0,0,0
28,0.93333,0,0,0,0,0,0,0,0,0,0,0,0,0,0,0
29,0.96667,0,0,0,0,0,0,0,0,0,0,0,0,0,0,0
30,1,0,0,0,0,0,0,0,0,0,0,0,0,0,0,0
31,1.03333,0,0,0,0,0,0,0,0,0,0,0,0,0,0,0
32,1.06667,0,0,0,0,0,0,0,0,0,0,0,0,0,0,0
33,1.1,0,0,0,0,0,0,0,0,0,0,0,0,0,0,0
34,1.13333,0,0,0,0,0,0,0,0,0,0,0,0,0,0,0
35,1.16667,0,0,0,0,0,0,0,0,0,0,0,0,0,0,0
36,1.2,0,0,0,0,0,0,0,0,0,0,0,0,0,0,0
37,1.23333,0,0,0,0,0,0,0,0,0,0,0,0,0,0,0
38,1.26667,0,0,0,0,0,0,0,0,0,0,0,0,0,0,0
39,1.3,0,0,0,0,0,0,0,0,0,0,0,0,0,0,0
40,1.33333,0,0,0,0,0,0,0,0,0,0,0,0,0,0,0
41,1.36667,0,0,0,0,0,0,0,0,0,0,0,0,0,0,0
42,1.4,0,0,0,0,0,0,0,0,0,0,0,0,0,0,0
43,1.43333,0,0,0,0,0,0,0,0,0,0,0,0,0,0,0
44,1.46667,0,0,0,0,0,0,0,0,0,0,0,0,0,0,0
45,1.5,0,0,0,0,0,0,0,0,0,0,0,0,0,0,0
46,1.53333,0,0,0,0,0,0,0,0,0,0,0,0,0,0,0
47,1.56667,0,0,0,0,0,0,0,0,0,0,0,0,0,0,0
48,1.6,0,0,0,0,0,0,0,0,0,0,0,0,0,0,0
49,1.63333,0,0,0,0,0,0,0,0,0,0,0,0,0,0,0
50,1.66667,0,0,0,0,0,0,0,0,0,0,0,0,0,0,0
51,1.7,0,0,0,0,0,0,0,0,0,0,0,0,0,0,0
52,1.73333,0,0,0,0,0,0,0,0,0,0,0,0,0,0,0
53,1.76667,0,0,0,0,0,0,0,0,0,0,0,0,0,0,0
54,1.8,0,0,0,0,0,0,0,0,0,0,0,0,0,0,0
55,1.83333,0,0,0,0,0,0,0,0,0,0,0,0,0,0,0
56,1.86667,0,0,0,0,0,0,0,0,0,0,0,0,0,0,0
57,1.9,0,0,0,0,0,0,0,0,0,0,0,0,0,0,0
58,1.93333,0,0,0,0,0,0,0,0,0,0,0,0,0,0,0
59,1.96667,0,0,0,0,0,0,0,0,0,0,0,0,0,0,0
60,2,0,0,0,0,0,0,0,0,0,0,0,0,0,0,0
61,2.03333,0,0,0,0,0,0,0,0,0,0,0,0,0,0,0
62,2.06667,0,0,0,0,0,0,0,0,0,0,0,0,0,0,0
63,2.1,0,0,0,0,0,0,0,0,0,0,0,0,0,0,0
64,2.13333,0,0,0,0,0,0,0,0,0,0,0,0,0,0,0
65,2.16667,0,0,0,0,0,0,0,0,0,0,0,0,0,0,0
66,2.2,0,0,0,0,0,0,0,0,0,0,0,0,0,0,0
67,2.23333,0,0,0,0,0,0,0,0,0,0,0,0,0,0,0
68,2.26667,0,0,0,0,0,0,0,0,0,0,0,0,0,0,0
69,2.3,0,0,0,0,0,0,0,0,0,0,0,0,0,0,0
70,2.33333,0,0,0,0,0,0,0,0,0,0,0,0,0,0,0
71,2.36667,0,0,0,0,0,0,0,0,0,0,0,0,0,0,0
72,2.4,0,0,0,0,0,0,0,0,0,0,0,0,0,0,0
73,2.43333,0,0,0,0,0,0,0,0,0,0,0,0,0,0,0
74,2.46667,0,0,0,0,0,0,0,0,0,0,0,0,0,0,0
75,2.5,0,0,0,0,0,0,0,0,0,0,0,0,0,0,0
76,2.53333,0,0,0,0,0,0,0,0,0,0,0,0,0,0,0
77,2.56667,0,0,0,0,0,0,0,0,0,0,0,0,0,0,0
78,2.6,0,0,0,0,0,0,0,0,0,0,0,0,0,0,0
79,2.63333,0,0,0,0,0,0,0,0,0,0,0,0,0,0,0
80,2.66667,0,0,0,0,0,0,0,0,0,0,0,0,0,0,0
81,2.7,0,0,0,0,0,0,0,0,0,0,0,0,0,0,0
82,2.73333,0,0,0,0,0,0,0,0,0,0,0,0,0,0,0
83,2.76667,0,0,0,0,0,0,0,0,0,0,0,0,0,0,0
84,2.8,0,0,0,0,0,0,0,0,0,0,0,0,0,0,0
85,2.83333,0,0,0,0,0,0,0,0,0,0,0,0,0,0,0
86,2.86667,0,0,0,0,0,0,0,0,0,0,0,0,0,0,0
87,2.9,0,0,0,0,0,0,0,0,0,0,0,0,0,0,0
88,2.93333,0,0,0,0,0,0,0,0,0,0,0,0,0,0,0
89,2.96667,0,0,0,0,0,0,0,0,0,0,0,0,0,0,0
90,3,0,0,0,0,0,0,0,0,0,0,0,0,0,0,0
91,3.03333,0,0,0,0,0,0,0,0,0,0,0,0,0,0,0
92,3.06667,0,0,0,0,0,0,0,0,0,0,0,0,0,0,0
93,3.1,0,0,0,0,0,0,0,0,0,0,0,0,0,0,0
94,3.13333,0,0,0,0,0,0,0,0,0,0,0,0,0,0,0
95,3.16667,0,0,0,0,0,0,0,0,0,0,0,0,0,0,0
96,3.2,0,0,0,0,0,0,0,0,0,0,0,0,0,0,0
97,3.23333,0,0,0,0,0,0,0,0,0,0,0,0,0,0,0
98,3.26667,0,0,0,0,0,0,0,0,0,0,0,0,0,0,0
99,3.3,0,0,0,0,0,0,0,0,0,0,0,0,0,0,0
100,3.33333,0,0,0,0,0,0,0,0,0,0,0,0,0,0,0
101,3.36667,0,0,0,0,0,0,0,0,0,0,0,0,0,0,0
102,3.4,0,0,0,0,0,0,0,0,0,0,0,0,0,0,0
103,3.43333,0,0,0,0,0,0,0,0,0,0,0,0,0,0,0
104,3.46667,0,0,0,0,0,0,0,0,0,0,0,0,0,0,0
105,3.5,0,0,0,0,0,0,0,0,0,0,0,0,0,0,0
106,3.53333,0,0,0,0,0,0,0,0,0,0,0,0,0,0,0
107,3.56667,0,0,0,0,0,0,0,0,0,0,0,0,0,0,0
108,3.6,0,0,0,0,0,0,0,0,0,0,0,0,0,0,0
109,3.63333,0,0,0,0,0,0,0,0,0,0,0,0,0,0,0
110,3.66667,0,0,0,0,0,0,0,0,0,0,0,0,0,0,0
111,3.7,0,0,0,0,0,0,0,0,0,0,0,0,0,0,0
112,3.73333,0,0,0,0,0,0,0,0,0,0,0,0,0,0,0
113,3.76667,0,0,0,0,0,0,0,0,0,0,0,0,0,0,0
114,3.8,0,0,0,0,0,0,0,0,0,0,0,0,0,0,0
115,3.83333,0,0,0,0,0,0,0,0,0,0,0,0,0,0,0
116,3.86667,0,0,0,0,0,0,0,0,0,0,0,0,0,0,0
117,3.9,0,0,0,0,0,0,0,0,0,0,0,0,0,0,0
118,3.93333,0,0,0,0,0,0,0,0,0,0,0,0,0,0,0
119,3.96667,0,0,0,0,0,0,0,0,0,0,0,0,0,0,0
120,4,0,0,0,0,0,0,0,0,0,0,0,0,0,0,0
121,4.03333,0,0,0,0,0,0,0,0,0,0,0,0,0,0,0
122,4.06667,0,0,0,0,0,0,0,0,0,0,0,0,0,0,0
123,4.1,0,0,0,0,0,0,0,0,0,0,0,0,0,0,0
124,4.13333,0,0,0,0,0,0,0,0,0,0,0,0,0,0,0
125,4.16667,0,0,0,0,0,0,0,0,0,0,0,0,0,0,0
126,4.2,0,0,0,0,0,0,0,0,0,0,0,0,0,0,0
127,4.23333,0,0,0,0,0,0,0,0,0,0,0,0,0,0,0
128,4.26667,0,0,0,0,0,0,0,0,0,0,0,0,0,0,0
129,4.3,0,0,0,0,0,0,0,0,0,0,0,0,0,0,0
130,4.33333,0,0,0,0,0,0,0,0,0,0,0,0,0,0,0
131,4.36667,0,0,0,0,0,0,0,0,0,0,0,0,0,0,0
132,4.4,0,0,0,0,0,0,0,0,0,0,0,0,0,0,0
133,4.43333,0,0,0,0,0,0,0,0,0,0,0,0,0,0,0
134,4.46667,0,0,0,0,0,0,0,0,0,0,0,0,0,0,0
135,4.5,0,0,0,0,0,0,0,0,0,0,0,0,0,0,0
136,4.53333,0,0,0,0,0,0,0,0,0,0,0,0,0,0,0
137,4.56667,0,0,0,0,0,0,0,0,0,0,0,0,0,0,0
138,4.6,0,0,0,0,0,0,0,0,0,0,0,0,0,0,0
139,4.63333,0,0,0,0,0,0,0,0,0,0,0,0,0,0,0
140,4.66667,0,0,0,0,0,0,0,0,0,0,0,0,0,0,0
141,4.7,0,0,0,0,0,0,0,0,0,0,0,0,0,0,0
142,4.73333,0,0,0,0,0,0,0,0,0,0,0,0,0,0,0
143,4.76667,0,0,0,0,0,0,0,0,0,0,0,0,0,0,0
144,4.8,0,0,0,0,0,0,0,0,0,0,0,0,0,0,0
145,4.83333,0,0,0,0,0,0,0,0,0,0,0,0,0,0,0
146,4.86667,0,0,0,0,0,0,0,0,0,0,0,0,0,0,0
147,4.9,0,0,0,0,0,0,0,0,0,0,0,0,0,0,0
148,4.93333,0,0,0,0,0,0,0,0,0,0,0,0,0,0,0
149,4.96667,0,0,0,0,0,0,0,0,0,0,0,0,0,0,0
150,5,0,0,0,0,0,0,0,0,0,0,0,0,0,0,0
151,5.03333,0,0,0,0,0,0,0,0,0,0,0,0,0,0,0
152,5.06667,0,0,0,0,0,0,0,0,0,0,0,0,0,0,0
153,5.1,0,0,0,0,0,0,0,0,0,0,0,0,0,0,0
154,5.13333,0,0,0,0,0,0,0,0,0,0,0,0,0,0,0
155,5.16667,0,0,0,0,0,0,0,0,0,0,0,0,0,0,0
156,5.2,0,0,0,0,0,0,0,0,0,0,0,0,0,0,0
157,5.23333,0,0,0,0,0,0,0,0,0,0,0,0,0,0,0
158,5.26667,0,0,0,0,0,0,0,0,0,0,0,0,0,0,0
159,5.3,0,0,0,0,0,0,0,0,0,0,0,0,0,0,0
160,5.33333,0,0,0,0,0,0,0,0,0,0,0,0,0,0,0
161,5.36667,0,0,0,0,0,0,0,0,0,0,0,0,0,0,0
162,5.4,0,0,0,0,0,0,0,0,0,0,0,0,0,0,0
163,5.43333,0,0,0,0,0,0,0,0,0,0,0,0,0,0,0
164,5.46667,0,0,0,0,0,0,0,0,0,0,0,0,0,0,0
165,5.5,0,0,0,0,0,0,0,0,0,0,0,0,0,0,0
166,5.53333,0,0,0,0,0,0,0,0,0,0,0,0,0,0,0
167,5.56667,0,0,0,0,0,0,0,0,0,0,0,0,0,0,0
168,5.6,0,0,0,0,0,0,0,0,0,0,0,0,0,0,0
169,5.63333,0,0,0,0,0,0,0,0,0,0,0,0,0,0,0
170,5.66667,0,0,0,0,0,0,0,0,0,0,0,0,0,0,0
171,5.7,0,0,0,0,0,0,0,0,0,0,0,0,0,0,0
172,5.73333,0,0,0,0,0,0,0,0,0,0,0,0,0,0,0
173,5.76667,0,0,0,0,0,0,0,0,0,0,0,0,0,0,0
174,5.8,0,0,0,0,0,0,0,0,0,0,0,0,0,0,0
175,5.83333,0,0,0,0,0,0,0,0,0,0,0,0,0,0,0
176,5.86667,0,0,0,0,0,0,0,0,0,0,0,0,0,0,0
177,5.9,0,0,0,0,0,0,0,0,0,0,0,0,0,0,0
178,5.93333,0,0,0,0,0,0,0,0,0,0,0,0,0,0,0
179,5.96667,0,0,0,0,0,0,0,0,0,0,0,0,0,0,0
180,6,0,0,0,0,0,0,0,0,0,0,0,0,0,0,0
181,6.03333,0,0,0,0,0,0,0,0,0,0,0,0,0,0,0
182,6.06667,0,0,0,0,0,0,0,0,0,0,0,0,0,0,0
183,6.1,0,0,0,0,0,0,0,0,0,0,0,0,0,0,0
184,6.13333,0,0,0,0,0,0,0,0,0,0,0,0,0,0,0
185,6.16667,0,0,0,0,0,0,0,0,0,0,0,0,0,0,0
186,6.2,0,0,0,0,0,0,0,0,0,0,0,0,0,0,0
187,6.23333,0,0,0,0,0,0,0,0,0,0,0,0,0,0,0
188,6.26667,0,0,0,0,0,0,0,0,0,0,0,0,0,0,0
189,6.3,0,0,0,0,0,0,0,0,0,0,0,0,0,0,0
190,6.33333,0,0,0,0,0,0,0,0,0,0,0,0,0,0,0
191,6.36667,0,0,0,0,0,0,0,0,0,0,0,0,0,0,0
192,6.4,0,0,0,0,0,0,0,0,0,0,0,0,0,0,0
193,6.43333,0,0,0,0,0,0,0,0,0,0,0,0,0,0,0
194,6.46667,0,0,0,0,0,0,0,0,0,0,0,0,0,0,0
195,6.5,0,0,0,0,0,0,0,0,0,0,0,0,0,0,0
196,6.53333,0,0,0,0,0,0,0,0,0,0,0,0,0,0,0
197,6.56667,0,0,0,0,0,0,0,0,0,0,0,0,0,0,0
198,6.6,0,0,0,0,0,0,0,0,0,0,0,0,0,0,0
199,6.63333,0,0,0,0,0,0,0,0,0,0,0,0,0,0,0
200,6.66667,0,0,0,0,0,0,0,0,0,0,0,0,0,0,0
201,6.7,0,0,0,0,0,0,0,0,0,0,0,0,0,0,0
202,6.73333,0,0,0,0,0,0,0,0,0,0,0,0,0,0,0
203,6.76667,0,0,0,0,0,0,0,0,0,0,0,0,0,0,0
204,6.8,0,0,0,0,0,0,0,0,0,0,0,0,0,0,0
205,6.83333,0,0,0,0,0,0,0,0,0,0,0,0,0,0,0
206,6.86667,0,0,0,0,0,0,0,0,0,0,0,0,0,0,0
207,6.9,0,0,0,0,0,0,0,0,0,0,0,0,0,0,0
208,6.93333,0,0,0,0,0,0,0,0,0,0,0,0,0,0,0
209,6.96667,0,0,0,0,0,0,0,0,0,0,0,0,0,0,0
210,7,0,0,0,0,0,0,0,0,0,0,0,0,0,0,0
211,7.03333,0,0,0,0,0,0,0,0,0,0,0,0,0,0,0
212,7.06667,0,0,0,0,0,0,0,0,0,0,0,0,0,0,0
213,7.1,0,0,0,0,0,0,0,0,0,0,0,0,0,0,0
214,7.13333,0,0,0,0,0,0,0,0,0,0,0,0,0,0,0
215,7.16667,0,0,0,0,0,0,0,0,0,0,0,0,0,0,0
216,7.2,0,0,0,0,0,0,0,0,0,0,0,0,0,0,0
217,7.23333,0,0,0,0,0,0,0,0,0,0,0,0,0,0,0
218,7.26667,0,0,0,0,0,0,0,0,0,0,0,0,0,0,0
219,7.3,0,0,0,0,0,0,0,0,0,0,0,0,0,0,0
220,7.33333,0,0,0,0,0,0,0,0,0,0,0,0,0,0,0
221,7.36667,0,0,0,0,0,0,0,0,0,0,0,0,0,0,0
222,7.4,0,0,0,0,0,0,0,0,0,0,0,0,0,0,0
223,7.43333,0,0,0,0,0,0,0,0,0,0,0,0,0,0,0
224,7.46667,0,0,0,0,0,0,0,0,0,0,0,0,0,0,0
225,7.5,0,0,0,0,0,0,0,0,0,0,0,0,0,0,0
226,7.53333,0,0,0,0,0,0,0,0,0,0,0,0,0,0,0
227,7.56667,0,0,0,0,0,0,0,0,0,0,0,0,0,0,0
228,7.6,0,0,0,0,0,0,0,0,0,0,0,0,0,0,0
229,7.63333,0,0,0,0,0,0,0,0,0,0,0,0,0,0,0
230,7.66667,0,0,0,0,0,0,0,0,0,0,0,0,0,0,0
231,7.7,0,0,0,0,0,0,0,0,0,0,0,0,0,0,0
232,7.73333,0,0,0,0,0,0,0,0,0,0,0,0,0,0,0
233,7.76667,0,0,0,0,0,0,0,0,0,0,0,0,0,0,0
234,7.8,0,0,0,0,0,0,0,0,0,0,0,0,0,0,0
235,7.83333,0,0,0,0,0,0,0,0,0,0,0,0,0,0,0
236,7.86667,0,0,0,0,0,0,0,0,0,0,0,0,0,0,0
237,7.9,0,0,0,0,0,0,0,0,0,0,0,0,0,0,0
238,7.93333,0,0,0,0,0,0,0,0,0,0,0,0,0,0,0
239,7.96667,0,0,0,0,0,0,0,0,0,0,0,0,0,0,0
