clip,eye,cls,close_start,closed_first,closed_last,open_full,close_ms,hold_ms,open_ms,total_ms,sync,verified,notes
idle,both,blink,9,12,17,24,125,250,250,625,yes (0-1f),visual,partials 9-11 ~0.3; 18-23 reopening
hip,both,blink,18,18,23,24,0,250,0,250,yes (0-1f),visual,hard cut shut/open
hip,both,blink,90,91,95,98,42,208,83,333,yes (0-1f),visual,
glare,both,blink,42,42,44,48,0,125,125,250,yes (0-1f),visual,L holds 1f longer (42-45); squint baseline
kick,both,blink,65,66,68,72,42,125,125,292,yes (0-1f),visual,squint baseline
clasp,both,blink,12,12,17,20,0,250,83,333,yes (0-1f),metric+strip,clip has heavy frame holds (37 unique frames)
strap,both,blink,105,105,107,108,0,125,0,125,yes (0-1f),visual,heavy frame holds (49 unique)
tongue,both,blink,3,6,10,14,125,208,125,458,yes (0-1f),visual,"squeeze-like, with expression"
side,L,blink,7,9,14,19,83,250,167,500,yes (0-1f),visual,"profile, one eye visible"
side,L,blink,67,69,76,81,83,333,167,583,yes (0-1f),visual,profile
look,both,blink,110,113,118,122,125,250,125,500,yes (0-1f),visual approx,at head-turn reversal (return from right turn)
sway,both,blink,,75,83,,,375,,,yes (0-1f),metric,partials not resolved
idle-long,both,long closure,,45,164,,,5000,,,yes,visual/metric,~5.0 s rest/eyes-shut beat
talk,both,long closure,,45,98,,,2250,,,yes,visual/metric,~2.2 s
sad,both,long closure,,15,86,,,3000,,,yes,visual/metric,~3.0 s
nod,both,long closure,,9,77,,,2875,,,yes,visual/metric,eyes shut during head bow (~10-75)
worry,both,long closure,,21,46,,,1083,,,yes,visual/metric,~1.1 s
angry,both,long closure,,29,50,,,917,,,yes,visual/metric,~0.9 s squeeze
cheeks,both,expressive squeeze,,42,53,,,500,,,yes,visual/metric,0.5 s
startle,both,long closure,,0,15,,,667,,,yes,visual/metric,starts closed
yawn,both,long closure,,9,56,,,2000,,,yes,visual/metric,yawn
yawn,both,long closure,,86,144,,,2458,,,yes,visual/metric,yawn
sway,both,long blink / closure,,12,29,,,750,,,yes,visual/metric,"0.75 s hold, borderline"
smirk,both,expressive smile-closure,,66,78,,,542,,,yes,visual/metric,"^^ arcs; 24-30 partial squint w/ head tilt, not a wink"
back,,no eyes visible,,,,,,,,,,,
kneel,,no eyes visible,,,,,,,,,,,
run,,no eyes visible,,,,,,,,,,,
sit,,no eyes visible,,,,,,,,,,,
stumble,,no eyes visible,,,,,,,,,,,
brace,,unreliable,,,,,,,,,,,"track 0.34, unusable"
dodge,,unreliable,,,,,,,,,,,"single eye, track 0.3"
squat,,unreliable,,,,,,,,,,,noisy
jump,,unreliable,,,,,,,,,,,frame-0 partial = noise
getup,,unreliable,,,,,,,,,,,"R-only dip = shading false positive, eyes stay open"
point,,unreliable,,,,,,,,,,,"R-only dip during head turn, unverified"
gasp,,no closure,,,,,,,,,,,
hem,,no closure,,,,,,,,,,,
inspect,,no closure,,,,,,,,,,,
ready,,no closure,,,,,,,,,,,
shrug,,no closure,,,,,,,,,,,
stop,,no closure,,,,,,,,,,,
walk,,no closure,,,,,,,,,,,
wave,,no closure,,,,,,,,,,,
