frame,angle_best,angle_range_folded,raw_top,raw_foot,raw_H,foot_target,shoulder_w,bust_w,waist_w,hip_w,knee_w,ankle_w,bust_y,waist_y,hip_y,leg_len,arm_reach_vl,arm_reach_vr,components,aa_band,skin_dark_frac
f001,0.0,"[0.0, 0.0]",60,1115,1055,1682.0,370.4,214.8,161.9,286.4,73.2,46.7,496.0,631.4,838.4,698.8,527.3,527.3,1,1.086,0.027
f002,4.2,"[0.0, 8.3]",60,1115,1055,1682.0,370.4,214.8,158.8,286.4,73.2,46.7,496.0,631.4,838.4,698.8,527.3,527.3,1,1.104,0.027
f003,4.2,"[0.0, 8.3]",60,1115,1055,1682.0,370.4,214.8,158.8,286.4,73.2,48.2,499.1,631.4,838.4,695.7,527.3,527.3,1,1.136,0.027
f004,13.9,"[8.3, 19.5]",60,1115,1055,1682.0,370.4,214.8,158.8,286.4,73.2,48.2,499.1,631.4,838.4,695.7,525.1,527.3,1,1.12,0.028
f005,14.5,"[8.3, 20.6]",60,1115,1055,1682.0,370.4,214.8,158.8,286.4,73.2,48.2,496.0,631.4,838.4,695.7,525.0,527.3,1,1.106,0.028
f006,14.9,"[8.3, 21.5]",60,1115,1055,1682.0,370.4,214.8,158.8,286.4,73.2,49.8,496.0,631.4,838.4,695.7,525.0,527.3,1,1.128,0.028
f007,14.9,"[8.3, 21.5]",60,1115,1055,1682.0,370.4,214.8,158.8,286.4,73.2,48.2,492.9,631.4,838.4,695.7,522.9,529.4,1,1.136,0.028
f008,16.4,"[9.1, 23.7]",60,1117,1057,1682.0,369.7,217.5,158.5,285.8,73.0,46.6,488.9,631.9,836.9,697.5,519.6,528.4,1,1.142,0.029
f009,16.4,"[9.1, 23.7]",60,1117,1057,1682.0,369.7,214.4,158.5,285.8,73.0,46.6,492.1,631.9,836.9,697.5,519.6,528.5,1,1.109,0.029
f010,17.1,"[9.1, 25.2]",60,1117,1057,1682.0,366.6,214.4,158.5,285.8,73.0,46.6,495.2,631.9,836.9,697.5,517.5,528.5,1,1.157,0.029
f011,17.9,"[9.1, 26.6]",60,1117,1057,1682.0,366.6,214.4,161.6,282.7,71.5,46.6,498.3,631.9,836.9,697.5,515.2,528.4,1,1.177,0.03
f012,18.2,"[9.1, 27.3]",60,1117,1057,1682.0,366.6,214.4,161.6,282.7,73.0,48.2,501.4,631.9,836.9,700.6,513.0,528.4,1,1.187,0.029
f013,18.8,"[9.1, 28.5]",60,1117,1057,1682.0,363.5,214.4,158.5,282.7,73.0,48.2,498.3,631.9,836.9,700.6,510.8,528.4,1,1.136,0.03
f014,20.6,"[12.2, 29.1]",60,1117,1057,1682.0,363.5,217.5,158.5,282.7,71.5,49.7,492.1,631.9,836.9,697.5,508.6,528.4,1,1.175,0.029
f015,21.6,"[12.7, 30.6]",60,1119,1059,1682.0,359.7,217.1,158.2,282.2,71.3,51.2,497.4,630.7,835.4,699.3,501.0,527.4,1,1.213,0.03
f016,23.4,"[15.2, 31.6]",60,1119,1059,1682.0,359.7,217.1,158.2,282.2,71.3,52.7,497.4,630.7,835.4,699.3,494.5,527.4,1,1.206,0.03
f017,24.0,"[15.2, 32.7]",60,1119,1059,1682.0,356.6,217.1,155.1,282.2,71.3,51.2,494.3,630.7,835.4,699.3,487.9,527.4,1,1.146,0.031
f018,25.2,"[17.3, 33.2]",60,1119,1059,1682.0,356.6,220.2,158.2,282.2,69.8,52.7,491.2,630.7,835.4,665.2,481.4,527.4,1,1.239,0.032
f019,26.3,"[19.4, 33.2]",60,1121,1061,1682.0,355.9,219.8,157.9,278.6,71.2,52.6,490.4,631.2,833.9,657.7,471.7,524.2,1,1.206,0.032
f020,26.4,"[19.4, 33.4]",60,1121,1061,1682.0,352.9,219.8,157.9,275.5,72.7,54.2,487.3,631.2,833.9,651.5,460.7,524.2,1,1.21,0.033
f021,27.1,"[19.4, 34.8]",60,1121,1061,1682.0,352.9,219.8,157.9,275.5,71.2,54.2,487.3,631.2,833.9,642.3,454.2,524.2,1,1.147,0.033
f022,27.6,"[19.4, 35.7]",60,1121,1061,1682.0,349.8,297.1,154.8,275.5,71.2,55.7,484.2,631.2,833.9,636.1,445.5,522.1,1,1.223,0.034
f023,29.9,"[22.7, 37.1]",60,1121,1061,1682.0,346.7,294.0,157.9,275.5,72.7,55.7,490.4,631.2,833.9,626.8,436.8,519.9,1,1.183,0.035
f024,30.6,"[23.0, 38.1]",60,1123,1063,1682.0,342.9,293.5,157.6,275.0,71.1,55.6,492.6,631.6,832.4,599.3,427.2,516.8,1,1.199,0.035
f025,31.8,"[24.4, 39.3]",60,1123,1063,1682.0,339.8,290.4,154.5,271.9,71.1,57.2,495.7,631.6,832.4,614.8,420.8,516.8,1,1.141,0.035
f026,34.0,"[27.1, 40.9]",60,1123,1063,1682.0,336.7,287.3,154.5,271.9,68.0,57.2,498.8,631.6,835.5,608.6,414.3,512.6,1,1.223,0.037
f027,34.5,"[28.2, 40.9]",62,1123,1061,1682.0,337.4,284.8,154.8,269.3,69.6,60.4,502.7,631.2,837.0,580.3,406.3,511.5,1,1.164,0.038
f028,37.2,"[30.7, 43.8]",60,1123,1063,1682.0,327.5,281.1,151.4,265.7,69.5,60.2,508.0,631.6,841.7,590.1,397.0,508.6,1,1.216,0.038
f029,37.9,"[31.7, 44.0]",62,1123,1061,1682.0,328.1,278.6,154.8,266.2,69.6,61.9,508.9,631.2,843.2,583.4,389.3,507.5,1,1.17,0.04
f030,38.7,"[31.7, 45.7]",62,1123,1061,1682.0,321.9,275.5,151.7,266.2,69.6,61.9,505.8,631.2,821.5,574.2,382.9,503.4,1,1.225,0.04
f031,40.8,"[34.1, 47.5]",62,1125,1063,1682.0,318.2,268.8,151.4,259.5,68.0,64.9,514.2,631.6,875.7,562.3,373.5,498.1,1,1.198,0.042
f032,42.5,"[36.1, 48.8]",62,1125,1063,1682.0,312.0,262.6,148.3,259.5,69.5,64.9,517.3,631.6,832.4,549.9,367.1,494.4,1,1.189,0.043
f033,43.9,"[37.1, 50.6]",62,1125,1063,1682.0,305.8,259.5,148.3,259.5,69.5,64.9,520.4,631.6,817.0,531.4,360.7,490.5,1,1.157,0.044
f034,45.2,"[38.2, 52.2]",60,1125,1065,1682.0,299.1,252.9,144.9,252.9,69.4,66.3,519.5,630.5,846.4,487.2,353.8,483.3,1,1.255,0.044
f035,47.4,"[40.9, 53.9]",60,1125,1065,1682.0,289.9,246.7,141.8,252.9,70.9,66.3,522.6,630.5,824.8,474.9,346.0,478.0,1,1.164,0.045
f036,48.7,"[41.8, 55.6]",60,1125,1065,1682.0,283.7,240.5,141.8,252.9,69.4,66.3,513.3,630.5,812.4,462.5,338.0,473.7,1,1.22,0.045
f037,50.8,"[44.4, 57.3]",60,1125,1065,1682.0,277.5,234.4,138.8,246.7,70.9,67.8,516.4,630.5,824.8,453.3,331.8,468.1,1,1.108,0.046
f038,52.0,"[45.2, 58.8]",60,1125,1065,1682.0,268.3,228.2,138.8,246.7,70.9,66.3,504.1,630.5,815.5,447.1,318.9,462.6,1,1.187,0.046
f039,53.6,"[46.9, 60.4]",60,1125,1065,1681.0,261.9,218.8,135.6,243.5,70.9,67.8,522.3,630.1,824.3,437.6,308.3,454.4,1,1.159,0.047
f040,55.8,"[49.2, 62.4]",60,1125,1065,1681.0,252.7,212.6,138.7,240.4,70.9,69.3,519.2,630.1,815.0,397.5,291.1,446.6,1,1.162,0.047
f041,63.9,"[58.9, 68.9]",60,1125,1065,1681.0,246.5,209.6,135.6,237.3,72.4,69.3,488.4,630.1,821.2,403.7,273.2,440.7,1,1.125,0.047
f042,65.8,"[60.8, 70.8]",60,1125,1065,1681.0,237.3,209.6,135.6,234.2,72.4,69.3,491.5,630.1,815.0,394.5,258.6,433.2,1,1.179,0.047
f043,67.5,"[62.5, 72.5]",60,1125,1065,1681.0,234.2,209.6,129.4,231.1,70.9,70.9,488.4,630.1,821.2,,247.4,426.8,1,1.15,0.047
f044,69.1,"[64.1, 74.1]",60,1125,1065,1681.0,231.1,209.6,129.4,228.0,72.4,70.9,485.3,630.1,827.4,,233.9,419.5,1,1.201,0.049
f045,70.7,"[65.7, 75.7]",60,1125,1065,1681.0,225.0,206.5,129.4,225.0,72.4,70.9,488.4,630.1,818.1,,218.5,410.9,1,1.113,0.05
f046,72.8,"[67.8, 77.8]",58,1125,1067,1681.0,215.3,267.6,129.2,221.5,144.6,70.7,490.6,630.6,825.9,,201.3,398.9,1,1.19,0.055
f047,74.6,"[69.6, 79.6]",58,1125,1067,1681.0,212.2,264.5,129.2,218.4,141.5,72.3,496.8,639.8,819.7,,184.5,390.7,1,1.118,0.057
f048,76.3,"[71.3, 81.3]",58,1125,1067,1681.0,203.0,258.4,141.5,212.2,138.4,89.2,502.9,661.3,822.8,,158.2,381.2,1,1.238,0.059
f049,77.8,"[72.8, 82.8]",58,1125,1067,1681.0,199.9,252.2,144.6,212.2,132.3,89.2,506.0,630.6,816.7,,129.5,373.4,1,1.196,0.06
f050,79.5,"[74.5, 84.5]",58,1125,1067,1681.0,193.8,246.1,132.3,206.1,126.1,89.2,506.0,630.6,819.7,,101.8,364.1,1,1.222,0.06
f051,81.0,"[76.0, 86.0]",58,1125,1067,1681.0,190.7,239.9,123.0,203.0,120.0,90.7,506.0,630.6,825.9,,54.2,355.7,1,1.204,0.061
f052,82.7,"[77.7, 87.7]",58,1125,1067,1681.0,181.5,230.7,116.9,218.4,116.9,89.2,512.2,630.6,785.9,,,344.8,1,1.199,0.066
f053,84.5,"[79.5, 89.5]",58,1125,1067,1681.0,178.4,224.5,120.0,203.0,110.7,89.2,499.8,630.6,798.2,,,335.3,1,1.119,0.068
f054,85.9,"[80.9, 90.9]",58,1123,1065,1681.0,172.6,218.8,203.4,228.0,104.8,90.9,497.6,656.3,793.5,,,,1,1.265,0.078
f055,86.8,"[81.8, 91.8]",56,1123,1067,1681.0,159.9,206.1,184.6,209.2,101.5,90.7,509.1,713.6,829.0,,,,1,1.225,0.083
f056,87.8,"[82.8, 92.8]",56,1123,1067,1681.0,156.9,199.9,169.2,187.6,95.4,92.3,506.0,713.6,829.0,,,,1,1.204,0.083
f057,88.6,"[83.6, 93.6]",56,1123,1067,1681.0,153.8,190.7,156.9,178.4,89.2,93.8,512.2,713.6,804.4,,,,1,1.183,0.075
f058,89.6,"[84.6, 94.6]",56,1123,1067,1681.0,150.7,181.5,147.6,175.3,83.0,98.4,509.1,689.0,801.3,,,,1,1.156,0.064
f059,89.8,"[84.8, 94.8]",56,1121,1065,1681.0,147.9,175.7,138.7,172.6,83.2,92.5,506.9,665.6,793.5,,,,1,1.128,0.05
f060,89.8,"[84.8, 94.8]",56,1121,1065,1681.0,144.8,172.6,126.3,169.5,89.4,92.5,494.5,665.6,775.0,,,,1,1.155,0.045
f061,89.8,"[84.8, 94.8]",56,1121,1065,1681.0,141.8,172.6,126.3,169.5,95.5,92.5,488.4,656.3,762.7,,,,1,1.117,0.042
f062,90.0,"[85.0, 95.0]",56,1119,1063,1681.0,148.2,176.0,132.8,169.8,98.8,89.5,483.1,669.8,779.5,,,,1,1.145,0.049
f063,90.0,"[85.0, 95.0]",56,1119,1063,1681.0,148.2,179.1,142.0,172.9,105.0,86.4,498.5,669.8,767.1,,,,1,1.084,0.055
f064,90.7,"[84.3, 94.3]",56,1119,1063,1681.0,151.3,185.2,151.3,172.9,111.1,86.4,507.8,676.0,810.3,,,,1,1.223,0.059
f065,91.6,"[83.4, 93.4]",56,1117,1061,1681.0,157.8,191.8,157.8,191.8,114.5,95.9,511.7,717.4,762.3,,,,1,1.157,0.059
f066,92.5,"[82.5, 92.5]",56,1117,1061,1681.0,160.9,201.1,173.2,198.0,120.6,102.1,508.6,705.1,830.3,,,,1,1.22,0.057
f067,93.7,"[81.3, 91.3]",56,1115,1059,1681.0,161.2,207.6,185.9,216.9,127.1,105.4,503.3,644.3,800.8,,,,1,1.168,0.057
f068,95.5,"[79.5, 89.5]",54,1115,1061,1681.0,167.0,213.4,198.0,201.1,129.9,69.6,511.7,773.1,771.6,,139.9,,1,1.249,0.056
f069,97.1,"[77.9, 87.9]",54,1113,1059,1681.0,170.5,223.1,204.5,210.7,136.4,114.7,628.8,715.6,794.6,,174.8,,1,1.203,0.056
f070,99.2,"[75.8, 85.8]",54,1113,1059,1681.0,176.7,229.3,142.6,201.4,142.6,124.0,509.5,684.6,822.5,,202.4,276.6,1,1.176,0.056
f071,100.9,"[74.1, 84.1]",54,1113,1059,1681.0,179.8,235.5,130.2,207.6,145.7,130.2,512.6,662.9,816.3,,230.2,288.0,1,1.111,0.057
f072,102.8,"[72.2, 82.2]",54,1111,1057,1681.0,186.3,242.2,124.2,211.1,152.1,133.5,516.6,645.5,824.0,,255.9,294.1,1,1.222,0.056
f073,104.5,"[70.5, 80.5]",54,1111,1057,1681.0,189.4,248.4,124.2,214.2,155.3,139.7,507.3,636.2,830.2,,271.9,302.9,1,1.181,0.058
f074,106.3,"[68.7, 78.7]",54,1109,1055,1681.0,196.0,255.1,124.4,217.8,161.8,143.1,511.3,631.1,837.9,,294.8,311.4,1,1.251,0.057
f075,108.3,"[66.7, 76.7]",54,1109,1055,1681.0,199.1,261.3,127.5,224.0,161.8,149.3,514.4,631.1,819.3,,311.0,320.4,1,1.237,0.059
f076,109.9,"[65.1, 75.1]",52,1107,1055,1681.0,205.3,264.4,127.5,227.1,168.0,152.4,514.4,631.1,831.7,,324.9,327.8,1,1.292,0.061
f077,111.7,"[63.3, 73.3]",54,1107,1053,1681.0,215.1,271.2,127.8,230.6,174.5,155.8,509.1,630.6,836.3,,337.9,336.2,1,1.212,0.062
f078,113.3,"[61.7, 71.7]",52,1107,1055,1681.0,220.9,273.8,130.7,233.3,174.2,161.8,505.1,631.1,844.2,,354.6,346.5,1,1.331,0.062
f079,115.3,"[59.7, 69.7]",54,1105,1051,1681.0,231.1,284.2,131.2,240.5,178.0,165.5,500.6,630.2,819.1,,378.5,353.4,1,1.243,0.062
f080,117.0,"[58.0, 68.0]",54,1105,1051,1681.0,237.3,290.4,134.3,240.5,184.2,171.8,497.5,630.2,841.0,,393.5,360.3,1,1.34,0.062
f081,118.5,"[56.5, 66.5]",54,1103,1049,1681.0,244.0,297.2,134.5,244.0,184.6,175.2,495.2,631.3,851.9,,408.7,369.7,1,1.251,0.062
f082,120.1,"[54.9, 64.9]",52,1103,1051,1682.0,250.0,303.1,134.4,246.8,190.6,181.2,494.6,630.6,844.6,,414.5,376.5,1,1.322,0.061
f083,121.4,"[53.6, 63.6]",52,1101,1049,1682.0,259.8,309.9,137.7,250.4,191.0,184.7,492.4,631.7,858.7,,421.3,386.3,1,1.349,0.061
f084,123.2,"[51.8, 61.8]",52,1101,1049,1682.0,266.1,316.2,137.7,253.6,197.2,191.0,489.2,631.7,849.3,,429.7,393.9,1,1.317,0.059
f085,134.2,"[36.9, 54.8]",52,1099,1047,1682.0,272.9,323.1,141.1,257.2,80.0,45.5,490.1,631.2,879.0,,437.0,402.4,1,1.105,0.059
f086,136.5,"[33.8, 53.2]",52,1099,1047,1682.0,279.2,329.3,141.1,260.3,78.4,45.5,487.0,631.2,850.8,,447.6,408.4,1,1.124,0.058
f087,138.2,"[32.5, 51.1]",52,1097,1045,1682.0,289.1,333.1,144.6,264.0,80.1,45.6,484.7,630.8,886.9,,452.9,416.3,1,1.164,0.056
f088,140.8,"[29.1, 49.3]",52,1097,1045,1682.0,295.4,342.5,141.4,267.1,77.0,42.4,484.7,630.8,864.9,,459.3,422.5,1,1.168,0.054
f089,143.0,"[26.5, 47.5]",52,1097,1045,1682.0,301.7,289.1,144.6,270.3,80.1,44.0,525.5,630.8,839.8,462.0,465.8,428.7,1,1.103,0.054
f090,144.4,"[24.9, 46.2]",52,1095,1043,1682.0,302.3,292.8,144.8,273.9,77.1,42.5,526.5,630.4,876.0,472.3,473.2,437.0,1,1.187,0.052
f091,147.6,"[20.2, 44.7]",52,1095,1043,1682.0,308.6,296.0,148.0,273.9,80.3,42.5,523.3,630.4,872.8,483.3,479.9,444.8,1,1.115,0.051
f092,149.3,"[18.4, 43.0]",52,1095,1043,1682.0,314.9,299.1,148.0,277.1,80.3,44.1,520.2,630.4,869.7,502.2,488.7,451.7,1,1.191,0.048
f093,152.4,"[14.2, 40.9]",52,1095,1043,1682.0,318.0,302.3,148.0,280.2,77.1,42.5,517.0,630.4,869.7,519.5,493.2,455.6,1,1.054,0.048
f094,153.7,"[13.7, 38.9]",52,1093,1041,1682.0,321.8,306.0,148.3,283.9,80.4,42.6,511.6,631.5,871.3,523.7,503.0,464.5,1,1.177,0.047
f095,157.7,"[7.2, 37.5]",52,1093,1041,1682.0,328.1,306.0,151.4,283.9,80.4,42.6,505.3,631.5,868.1,530.0,509.7,471.0,1,1.137,0.045
f096,162.3,"[0.0, 35.4]",52,1093,1041,1682.0,331.2,309.2,151.4,287.1,80.4,41.0,502.2,631.5,868.1,558.4,514.2,475.1,1,1.135,0.045
f097,162.7,"[0.0, 34.7]",52,1091,1039,1682.0,335.0,309.8,151.7,287.6,82.2,42.7,496.7,631.1,869.7,562.6,524.2,482.3,1,1.043,0.044
f098,163.5,"[0.0, 33.0]",52,1091,1039,1682.0,341.4,309.8,154.9,287.6,80.6,41.1,490.4,631.1,869.7,570.5,533.1,486.8,1,1.139,0.043
f099,164.1,"[0.0, 31.8]",52,1091,1039,1682.0,344.5,309.8,151.7,290.8,80.6,41.1,484.1,631.1,869.7,594.2,539.8,493.2,1,1.098,0.043
f100,165.1,"[0.0, 29.9]",52,1091,1039,1682.0,344.5,227.6,154.9,290.8,80.6,39.5,503.0,631.1,869.7,597.4,548.7,497.5,1,1.098,0.042
f101,165.9,"[0.0, 28.1]",52,1089,1037,1682.0,348.4,228.0,155.2,294.5,82.3,41.2,497.6,630.6,871.3,660.3,554.3,505.2,1,1.063,0.041
f102,166.7,"[0.0, 26.6]",52,1089,1037,1682.0,351.5,228.0,152.0,294.5,82.3,38.0,488.1,632.2,871.3,660.3,554.3,509.6,1,1.171,0.041
f103,167.3,"[0.0, 25.4]",52,1087,1035,1682.0,355.4,228.5,155.5,295.1,82.5,38.1,482.6,631.8,872.9,661.6,555.5,515.0,1,1.101,0.042
f104,167.8,"[0.0, 24.5]",52,1087,1035,1682.0,355.4,228.5,155.5,295.1,82.5,39.7,482.6,631.8,872.9,661.6,553.2,519.4,1,1.095,0.041
f105,170.2,"[0.0, 19.6]",52,1087,1035,1682.0,355.4,228.5,155.5,298.3,82.5,41.2,482.6,631.8,872.9,661.6,553.2,526.1,1,1.003,0.042
f106,172.7,"[0.0, 14.7]",52,1087,1035,1682.0,358.5,228.5,155.5,298.3,82.5,39.7,482.6,631.8,872.9,661.6,550.9,530.6,1,1.132,0.042
f107,175.1,"[0.0, 9.8]",52,1085,1033,1682.0,356.1,228.9,155.8,298.8,82.7,39.7,483.5,634.5,874.5,662.8,547.5,536.2,1,1.12,0.042
f108,177.6,"[0.0, 4.9]",52,1085,1033,1682.0,356.1,228.9,155.8,298.8,82.7,39.7,483.5,631.3,874.5,659.7,547.5,538.5,1,1.103,0.042
f109,180.0,"[0.0, 0.0]",52,1087,1035,1682.0,358.5,231.6,155.5,295.1,82.5,41.2,482.6,633.3,872.9,661.6,544.1,539.7,1,1.072,0.042
f110,183.8,"[0.0, 7.7]",52,1087,1035,1682.0,358.5,231.6,155.5,295.1,82.5,41.2,482.6,631.8,872.9,661.6,539.6,542.0,1,1.13,0.043
f111,187.7,"[0.0, 15.3]",52,1087,1035,1682.0,355.4,231.6,155.5,295.1,82.5,39.7,482.6,631.8,872.9,661.6,535.1,544.3,1,1.097,0.043
f112,191.5,"[0.0, 23.0]",52,1087,1035,1682.0,355.4,231.6,155.5,295.1,80.9,39.7,482.6,631.8,872.9,667.9,530.6,546.5,1,1.117,0.043
f113,192.2,"[0.0, 24.4]",52,1089,1037,1682.0,354.7,224.8,155.2,291.3,82.3,41.2,488.1,630.6,871.3,663.5,525.1,547.6,1,1.078,0.044
f114,192.2,"[0.0, 24.4]",52,1089,1037,1682.0,354.7,224.8,152.0,291.3,82.3,39.6,500.8,630.6,871.3,660.3,520.7,547.6,1,1.134,0.044
f115,193.3,"[0.0, 26.6]",52,1091,1039,1682.0,350.8,227.6,151.7,290.8,82.2,41.1,490.4,631.1,869.7,660.6,515.2,546.6,1,1.111,0.045
f116,194.1,"[0.0, 28.1]",52,1091,1039,1682.0,347.7,227.6,154.9,287.6,82.2,39.5,496.7,631.1,869.7,600.5,510.8,546.6,1,1.139,0.045
f117,194.8,"[0.0, 29.5]",52,1091,1039,1682.0,347.7,227.6,151.7,287.6,79.0,39.5,493.6,631.1,869.7,602.1,506.3,546.6,1,1.067,0.047
f118,195.4,"[0.0, 30.9]",52,1091,1039,1682.0,344.5,230.7,151.7,287.6,80.6,41.1,487.2,631.1,869.7,565.8,499.8,542.1,1,1.138,0.046
f119,195.9,"[0.0, 31.8]",52,1093,1041,1682.0,340.7,312.3,148.3,283.9,80.4,39.4,483.2,633.1,868.1,561.5,494.6,536.5,1,1.111,0.046
f120,200.4,"[7.2, 33.6]",52,1093,1041,1682.0,337.5,312.3,151.4,283.9,78.9,41.0,489.5,631.5,868.1,552.1,490.3,527.6,1,1.133,0.047
f121,204.2,"[13.7, 34.7]",52,1093,1041,1682.0,331.2,312.3,148.3,283.9,77.3,42.6,495.8,631.5,871.3,545.8,484.0,518.7,1,1.079,0.048
f122,205.0,"[13.7, 36.3]",52,1093,1041,1682.0,331.2,309.2,148.3,277.6,80.4,42.6,502.2,631.5,871.3,514.2,477.2,512.0,1,1.164,0.049
f123,208.8,"[19.9, 37.8]",52,1093,1041,1682.0,324.9,309.2,145.1,277.6,78.9,42.6,508.5,631.5,871.3,507.9,471.0,503.1,1,1.165,0.049
f124,210.9,"[21.9, 39.9]",52,1095,1043,1682.0,321.2,305.4,144.8,277.1,77.1,42.5,510.7,630.4,850.8,500.6,466.0,497.6,1,1.125,0.05
f125,213.1,"[24.9, 41.2]",52,1095,1043,1682.0,314.9,302.3,144.8,273.9,77.1,42.5,510.7,630.4,876.0,488.0,460.0,493.2,1,1.084,0.052
f126,214.9,"[27.4, 42.3]",54,1095,1041,1682.0,315.5,299.7,145.1,271.3,75.7,41.0,517.9,631.5,871.3,479.5,455.0,485.2,1,1.168,0.053
f127,215.7,"[27.4, 44.0]",54,1095,1041,1682.0,309.2,296.5,145.1,271.3,78.9,44.2,521.1,631.5,849.2,466.9,448.6,478.5,1,1.169,0.055
f128,218.6,"[31.1, 46.0]",54,1095,1041,1682.0,306.0,293.4,142.0,268.1,77.3,44.2,527.4,631.5,874.4,,440.4,471.8,1,1.193,0.055
f129,220.2,"[32.4, 48.0]",52,1095,1043,1682.0,292.8,343.2,141.7,264.5,78.7,44.1,485.5,630.4,850.8,,433.3,464.2,1,1.116,0.057
f130,229.1,"[44.1, 54.1]",54,1097,1043,1682.0,292.8,283.4,141.7,261.3,204.7,192.1,532.8,630.4,876.0,,427.7,459.8,1,1.416,0.057
f131,231.2,"[46.2, 56.2]",54,1097,1043,1682.0,286.5,336.9,138.5,261.3,198.4,192.1,485.5,630.4,838.2,,421.5,455.4,1,1.389,0.058
f132,232.4,"[47.4, 57.4]",54,1099,1045,1682.0,282.8,333.1,138.3,254.5,198.0,185.4,487.8,630.8,871.2,,412.7,448.1,1,1.44,0.058
f133,234.0,"[49.0, 59.0]",54,1099,1045,1682.0,276.5,320.5,138.3,254.5,191.7,182.3,487.8,630.8,839.8,,407.5,443.6,1,1.386,0.06
f134,235.9,"[50.9, 60.9]",54,1099,1045,1682.0,267.1,317.4,135.1,251.4,191.7,176.0,491.0,630.8,833.5,,399.7,437.1,1,1.392,0.061
f135,237.8,"[52.8, 62.8]",54,1099,1045,1682.0,260.8,311.1,135.1,248.3,185.4,172.8,494.1,630.8,846.1,,391.1,428.4,1,1.317,0.062
f136,239.7,"[54.7, 64.7]",54,1101,1047,1682.0,254.1,304.2,134.9,244.7,185.1,169.4,493.2,631.2,838.3,,383.8,421.4,1,1.34,0.064
f137,241.4,"[56.4, 66.4]",54,1101,1047,1681.0,250.8,297.8,131.7,241.4,178.7,166.1,496.1,630.9,831.5,,377.7,412.3,1,1.299,0.064
f138,242.9,"[57.9, 67.9]",54,1103,1049,1681.0,240.9,287.8,131.4,237.8,178.3,162.7,498.4,631.3,839.4,,369.7,401.0,1,1.315,0.066
f139,244.6,"[59.6, 69.6]",54,1103,1049,1681.0,234.7,284.7,131.4,234.7,172.1,156.4,504.6,631.3,833.1,,359.7,383.4,1,1.317,0.067
f140,246.3,"[61.3, 71.3]",54,1105,1051,1681.0,224.8,274.8,131.2,231.1,168.6,153.0,506.8,630.2,841.0,,350.5,364.6,1,1.331,0.067
f141,247.9,"[62.9, 72.9]",54,1105,1051,1681.0,218.6,268.6,128.0,228.0,165.5,146.8,510.0,630.2,834.7,,345.0,347.5,1,1.252,0.069
f142,249.7,"[64.7, 74.7]",56,1105,1049,1681.0,212.8,262.8,128.3,225.3,162.7,143.9,510.9,631.3,830.0,,338.8,337.4,1,1.274,0.072
f143,251.3,"[66.3, 76.3]",56,1107,1051,1681.0,203.0,256.1,128.0,221.7,156.1,137.4,516.2,630.2,819.1,,326.2,319.8,1,1.249,0.073
f144,252.8,"[67.8, 77.8]",56,1107,1051,1681.0,199.9,252.9,128.0,218.6,156.1,134.3,506.8,630.2,828.5,,321.6,306.7,1,1.262,0.076
f145,254.6,"[69.6, 79.6]",56,1109,1053,1681.0,196.4,246.2,124.7,215.1,149.6,127.8,515.3,630.6,820.8,,313.0,289.3,1,1.201,0.078
f146,256.4,"[71.4, 81.4]",56,1109,1053,1681.0,193.2,240.0,124.7,208.8,146.5,124.7,518.4,644.7,830.1,,307.0,269.4,1,1.207,0.081
f147,258.0,"[73.0, 83.0]",56,1109,1053,1681.0,187.0,236.9,130.9,205.7,140.3,118.4,509.1,660.2,833.2,,296.2,247.7,1,1.165,0.086
f148,259.5,"[74.5, 84.5]",56,1111,1055,1681.0,183.5,230.2,140.0,202.2,140.0,66.9,502.0,674.6,828.6,,287.8,225.6,1,1.166,0.093
f149,261.2,"[76.2, 86.2]",56,1111,1055,1681.0,177.3,239.5,192.9,230.2,133.8,108.9,629.5,774.2,769.5,,48.8,206.8,1,1.197,0.1
f150,262.8,"[77.8, 87.8]",56,1111,1055,1681.0,174.2,217.8,199.1,217.8,127.5,102.7,629.5,699.5,772.6,,,189.7,1,1.212,0.105
f151,264.7,"[79.7, 89.7]",56,1113,1057,1681.0,167.7,211.1,189.4,198.7,124.2,99.4,501.1,716.9,780.5,,,166.7,1,1.159,0.113
f152,266.3,"[81.3, 91.3]",56,1113,1057,1681.0,164.6,204.9,183.2,186.3,121.1,93.2,510.4,639.3,808.5,,,137.7,1,1.195,0.12
f153,267.9,"[82.9, 92.9]",56,1113,1057,1681.0,155.3,198.7,170.8,220.5,114.9,86.9,504.2,667.2,771.2,,,,1,1.139,0.127
f154,268.9,"[83.9, 93.9]",56,1115,1059,1681.0,155.0,189.0,161.2,213.8,111.6,93.0,512.6,672.2,822.5,,,,1,1.187,0.12
f155,269.8,"[84.8, 94.8]",56,1115,1059,1681.0,148.8,185.9,148.8,192.1,105.4,89.9,506.4,690.8,831.8,,,,1,1.081,0.111
f156,269.8,"[84.8, 94.8]",56,1117,1061,1681.0,151.6,179.4,142.3,179.4,102.1,95.9,499.4,658.7,762.3,,,,1,1.217,0.095
f157,270.0,"[85.0, 95.0]",58,1117,1059,1681.0,148.8,173.6,133.3,173.6,96.1,96.1,503.3,656.7,779.1,,,,1,1.132,0.079
f158,270.0,"[85.0, 95.0]",58,1117,1059,1681.0,145.7,173.6,124.0,170.5,89.9,96.1,487.8,656.7,785.3,,,,1,1.186,0.061
f159,270.0,"[85.0, 95.0]",58,1117,1059,1681.0,145.7,170.5,117.8,173.6,86.8,96.1,484.7,641.2,763.7,,,,1,1.217,0.043
f160,270.0,"[85.0, 95.0]",58,1119,1061,1681.0,148.5,170.1,120.6,173.2,80.4,102.1,487.0,661.8,774.7,,,,1,1.204,0.042
f161,270.0,"[85.0, 95.0]",58,1119,1061,1681.0,151.6,173.2,129.9,176.3,80.4,94.3,502.4,664.8,793.2,,,,1,1.101,0.041
f162,270.0,"[85.0, 95.0]",58,1119,1061,1681.0,151.6,179.4,139.2,179.4,86.6,94.3,505.5,683.4,802.5,,,,1,1.194,0.042
f163,270.2,"[84.8, 94.8]",58,1119,1061,1681.0,157.8,185.6,148.5,179.4,92.8,92.8,508.6,695.8,818.0,,,,1,1.19,0.046
f164,271.0,"[84.0, 94.0]",58,1119,1061,1681.0,157.8,194.9,157.8,185.6,99.0,91.3,499.4,708.2,799.4,,,,1,1.232,0.047
f165,271.8,"[83.2, 93.2]",58,1119,1061,1681.0,157.8,201.1,167.0,188.7,102.1,89.7,505.5,726.7,805.6,,,,1,1.136,0.047
f166,273.0,"[82.0, 92.0]",58,1121,1063,1681.0,160.5,206.9,182.2,194.5,108.1,91.1,507.8,725.4,794.9,,,,1,1.228,0.047
f167,274.5,"[80.5, 90.5]",58,1121,1063,1681.0,169.8,213.0,197.6,219.2,108.1,91.1,510.8,632.8,798.0,,,,1,1.214,0.049
f168,275.9,"[79.1, 89.1]",58,1121,1063,1681.0,172.9,222.3,206.9,247.0,114.2,91.1,501.6,635.9,776.4,,,,1,1.327,0.051
f169,277.1,"[77.9, 87.9]",58,1121,1063,1681.0,179.1,228.5,219.2,237.7,120.4,91.1,504.7,716.2,776.4,,,94.3,1,1.229,0.051
f170,278.8,"[76.2, 86.2]",58,1121,1063,1681.0,182.2,234.6,129.7,203.8,120.4,91.1,507.8,631.3,816.5,,342.5,113.8,1,1.179,0.052
f171,280.3,"[74.7, 84.7]",58,1121,1063,1681.0,188.3,240.8,142.0,206.9,126.6,92.6,507.8,631.3,825.8,,355.9,132.8,1,1.184,0.051
f172,281.6,"[73.4, 83.4]",58,1121,1063,1681.0,194.5,243.9,138.9,209.9,132.8,91.1,513.9,666.8,819.6,,362.8,150.6,1,1.23,0.053
f173,283.3,"[71.7, 81.7]",59,1123,1064,1681.0,200.5,249.9,129.6,212.8,135.7,89.5,508.9,652.3,823.5,,368.6,168.3,1,1.129,0.055
f174,284.8,"[70.2, 80.2]",60,1123,1063,1681.0,206.9,256.3,126.6,216.1,135.8,75.6,501.6,639.0,813.4,,379.3,183.7,1,1.111,0.055
f175,286.1,"[68.9, 78.9]",60,1123,1063,1681.0,213.0,262.4,123.5,219.2,142.0,72.6,495.4,631.3,819.6,,387.0,199.0,1,1.083,0.055
f176,287.7,"[67.3, 77.3]",60,1123,1063,1681.0,216.1,265.5,123.5,219.2,148.2,74.1,492.3,631.3,835.0,,395.0,212.1,1,1.112,0.055
f177,289.0,"[66.0, 76.0]",60,1123,1063,1681.0,219.2,268.6,126.6,225.4,148.2,72.6,489.2,631.3,813.4,,401.8,224.2,1,1.081,0.055
f178,290.4,"[64.6, 74.6]",60,1123,1063,1681.0,222.3,271.7,126.6,225.4,75.6,74.1,483.1,631.3,831.9,,411.5,237.6,1,1.121,0.054
f179,291.8,"[63.2, 73.2]",60,1123,1063,1681.0,228.5,206.9,126.6,228.5,72.6,71.0,483.1,631.3,825.8,,420.0,250.5,1,1.058,0.052
f180,293.2,"[61.8, 71.8]",60,1123,1063,1681.0,234.6,206.9,129.7,231.6,74.1,72.6,486.1,631.3,828.9,,427.2,259.9,1,1.109,0.051
f181,294.6,"[60.4, 70.4]",60,1123,1063,1681.0,234.6,209.9,132.8,234.6,71.0,69.5,489.2,631.3,819.6,,433.4,268.5,1,1.068,0.051
f182,296.1,"[58.9, 68.9]",60,1123,1063,1681.0,240.8,213.0,135.8,234.6,74.1,69.5,486.1,631.3,835.0,,440.8,283.0,1,1.121,0.05
f183,297.6,"[57.4, 67.4]",60,1123,1063,1681.0,247.0,213.0,135.8,237.7,72.6,71.0,520.1,631.3,828.9,,448.4,297.7,1,1.053,0.049
f184,304.9,"[49.1, 61.2]",60,1123,1063,1681.0,253.2,219.2,135.8,240.8,71.0,69.5,507.8,631.3,831.9,392.1,453.4,310.6,1,1.154,0.049
f185,306.1,"[48.4, 59.5]",60,1125,1065,1682.0,259.0,222.0,138.8,243.6,70.9,69.4,531.8,630.5,818.6,400.9,458.0,321.4,1,1.068,0.05
f186,307.5,"[46.8, 58.2]",60,1125,1065,1682.0,265.2,228.2,138.8,243.6,69.4,69.4,525.7,630.5,821.7,407.0,463.3,327.5,1,1.132,0.049
f187,308.6,"[46.0, 56.8]",60,1125,1065,1682.0,271.4,234.4,138.8,246.7,72.5,67.8,513.3,630.5,827.9,431.7,469.4,335.5,1,1.104,0.048
f188,310.4,"[43.4, 55.7]",60,1123,1063,1682.0,278.0,237.9,142.1,250.2,71.1,68.0,529.7,631.6,804.6,432.5,475.8,342.4,1,1.112,0.048
f189,311.4,"[42.6, 54.5]",60,1123,1063,1682.0,281.1,244.1,142.1,250.2,69.5,68.0,526.6,631.6,857.1,451.0,479.5,350.1,1,1.026,0.048
f190,313.2,"[40.8, 52.8]",60,1123,1063,1682.0,287.3,250.2,142.1,253.3,69.5,66.4,520.4,631.6,829.3,454.1,485.2,354.4,1,1.159,0.046
f191,314.2,"[39.9, 51.7]",60,1123,1063,1682.0,293.5,253.3,145.2,253.3,69.5,64.9,523.5,631.6,844.8,460.3,491.4,360.7,1,1.097,0.045
f192,315.2,"[39.0, 50.5]",60,1123,1063,1682.0,299.7,259.5,145.2,256.4,69.5,66.4,517.3,631.6,863.3,469.6,494.8,365.1,1,1.147,0.046
f193,316.9,"[37.1, 49.2]",60,1123,1063,1682.0,302.8,262.6,145.2,256.4,68.0,66.4,520.4,631.6,878.8,503.6,496.8,371.1,1,1.059,0.045
f194,318.6,"[35.1, 47.7]",60,1123,1063,1682.0,308.9,268.8,148.3,259.5,69.5,64.9,514.2,631.6,835.5,485.0,500.8,375.5,1,1.132,0.045
f195,319.1,"[35.1, 46.7]",60,1123,1063,1682.0,312.0,271.9,148.3,262.6,69.5,61.8,514.2,631.6,860.2,525.2,502.5,383.9,1,1.12,0.043
f196,320.9,"[33.0, 45.3]",60,1123,1063,1682.0,318.2,278.0,148.3,262.6,69.5,61.8,511.1,631.6,869.5,534.5,506.6,388.1,1,1.135,0.04
f197,322.1,"[31.9, 44.0]",60,1123,1063,1682.0,321.3,281.1,151.4,262.6,69.5,63.3,511.1,631.6,851.0,546.8,510.9,394.7,1,1.043,0.041
f198,323.2,"[30.7, 42.9]",60,1123,1063,1682.0,327.5,284.2,151.4,262.6,69.5,61.8,505.0,631.6,844.8,556.1,513.0,401.2,1,1.124,0.039
f199,325.1,"[28.4, 41.4]",60,1123,1063,1682.0,330.6,287.3,151.4,268.8,71.1,61.8,505.0,631.6,841.7,566.9,517.0,407.7,1,1.089,0.039
f200,326.3,"[27.1, 40.3]",60,1123,1063,1682.0,333.7,287.3,151.4,268.8,69.5,60.2,501.9,631.6,838.6,576.2,519.1,414.1,1,1.134,0.038
f201,326.9,"[27.1, 39.1]",60,1123,1063,1682.0,336.7,290.4,154.5,268.8,69.5,60.2,498.8,631.6,838.6,580.8,521.2,420.6,1,1.046,0.038
f202,327.3,"[27.1, 38.3]",60,1123,1063,1682.0,339.8,293.5,154.5,271.9,71.1,58.7,495.7,631.6,835.5,608.6,523.3,427.1,1,1.115,0.038
f203,329.3,"[24.4, 37.0]",60,1123,1063,1682.0,346.0,293.5,154.5,271.9,71.1,58.7,492.6,631.6,835.5,611.7,523.2,433.7,1,1.105,0.038
f204,331.4,"[21.2, 35.9]",60,1121,1061,1682.0,346.7,297.1,154.8,272.4,71.2,57.3,490.4,631.2,833.9,617.5,526.4,441.1,1,1.121,0.037
f205,332.1,"[21.2, 34.6]",60,1121,1061,1682.0,349.8,297.1,157.9,275.5,71.2,55.7,487.3,631.2,833.9,620.6,528.6,447.6,1,1.061,0.037
f206,332.6,"[21.2, 33.6]",60,1121,1061,1682.0,352.9,300.2,157.9,278.6,72.7,57.3,484.2,631.2,833.9,623.7,530.8,452.0,1,1.14,0.037
f207,334.0,"[19.4, 32.6]",60,1121,1061,1682.0,352.9,222.9,157.9,278.6,71.2,55.7,484.2,631.2,833.9,626.8,530.7,458.5,1,1.102,0.037
f208,335.1,"[19.4, 30.5]",60,1121,1061,1682.0,355.9,222.9,157.9,278.6,71.2,55.7,484.2,631.2,833.9,633.0,530.7,465.1,1,1.145,0.036
f209,337.9,"[15.5, 28.8]",60,1121,1061,1682.0,355.9,219.8,157.9,278.6,72.7,54.2,484.2,631.2,833.9,679.4,530.8,471.7,1,1.053,0.036
f210,338.0,"[15.2, 28.8]",60,1119,1059,1682.0,356.6,220.2,155.1,279.1,72.9,52.7,485.0,630.7,835.4,696.2,531.8,479.1,1,1.087,0.036
f211,338.0,"[15.2, 28.8]",60,1119,1059,1682.0,359.7,220.2,155.1,279.1,72.9,52.7,485.0,630.7,835.4,640.4,534.0,487.9,1,1.126,0.035
f212,338.0,"[15.2, 28.8]",60,1119,1059,1682.0,359.7,220.2,158.2,279.1,72.9,52.7,485.0,630.7,835.4,696.2,534.0,492.3,1,1.125,0.034
f213,338.1,"[15.2, 28.5]",60,1119,1059,1682.0,362.8,220.2,158.2,285.3,72.9,49.6,485.0,630.7,835.4,699.3,534.0,494.6,1,1.092,0.034
f214,340.1,"[12.7, 27.2]",60,1119,1059,1682.0,362.8,220.2,158.2,285.3,72.9,52.7,485.0,630.7,835.4,699.3,531.8,499.0,1,1.149,0.032
f215,340.7,"[12.7, 25.9]",60,1119,1059,1682.0,365.9,220.2,158.2,285.3,72.9,51.2,485.0,630.7,835.4,699.3,531.9,507.7,1,1.123,0.032
f216,341.1,"[12.2, 25.5]",60,1117,1057,1682.0,366.6,217.5,158.5,285.8,73.0,51.3,482.7,631.9,836.9,697.5,532.8,510.8,1,1.081,0.032
f217,343.4,"[9.1, 24.0]",60,1117,1057,1682.0,366.6,217.5,158.5,285.8,73.0,49.7,482.7,631.9,836.9,697.5,532.8,515.2,1,1.05,0.032
f218,343.4,"[9.1, 24.0]",60,1117,1057,1682.0,366.6,217.5,158.5,285.8,74.6,49.7,482.7,631.9,836.9,697.5,530.6,515.3,1,1.097,0.031
f219,343.4,"[9.1, 24.0]",60,1117,1057,1682.0,366.6,214.4,158.5,285.8,74.6,49.7,501.4,631.9,836.9,697.5,532.9,517.5,1,1.091,0.031
f220,343.4,"[9.1, 24.0]",60,1117,1057,1682.0,366.6,214.4,161.6,285.8,73.0,48.2,498.3,631.9,836.9,697.5,532.9,519.7,1,1.105,0.032
f221,343.4,"[9.1, 24.0]",60,1117,1057,1682.0,366.6,214.4,161.6,285.8,73.0,46.6,498.3,631.9,836.9,697.5,530.6,519.7,1,1.051,0.031
f222,343.4,"[9.1, 24.0]",60,1117,1057,1682.0,369.7,214.4,161.6,285.8,73.0,46.6,495.2,631.9,836.9,697.5,530.6,522.0,1,1.091,0.031
f223,343.4,"[9.1, 24.0]",60,1117,1057,1682.0,369.7,214.4,161.6,285.8,71.5,48.2,495.2,631.9,836.9,697.5,530.6,522.0,1,1.095,0.031
f224,343.9,"[9.1, 23.2]",60,1117,1057,1682.0,369.7,214.4,161.6,285.8,71.5,48.2,492.1,631.9,836.9,700.6,528.5,524.1,1,1.102,0.03
f225,343.9,"[9.1, 23.2]",60,1117,1057,1682.0,366.6,211.3,161.6,285.8,71.5,49.7,501.4,631.9,836.9,697.5,530.7,524.0,1,1.054,0.031
f226,344.3,"[9.1, 22.3]",60,1117,1057,1682.0,366.6,211.3,161.6,285.8,71.5,48.2,501.4,631.9,836.9,697.5,530.6,524.1,1,1.067,0.03
f227,344.9,"[8.3, 21.8]",60,1115,1055,1682.0,370.4,214.8,161.9,286.4,73.2,48.2,483.6,631.4,838.4,695.7,529.5,527.3,1,1.045,0.03
f228,345.4,"[8.3, 20.9]",60,1115,1055,1682.0,370.4,214.8,158.8,286.4,73.2,48.2,486.7,631.4,838.4,695.7,529.5,527.3,1,1.058,0.031
f229,345.9,"[8.3, 19.8]",60,1115,1055,1682.0,370.4,214.8,158.8,283.3,73.2,48.2,492.9,631.4,838.4,695.7,529.5,527.3,1,1.036,0.031
f230,347.6,"[8.3, 16.5]",60,1115,1055,1682.0,370.4,214.8,158.8,283.3,73.2,46.7,496.0,631.4,838.4,698.8,527.4,527.3,1,1.046,0.031
f231,349.2,"[8.3, 13.2]",60,1115,1055,1682.0,370.4,214.8,158.8,283.3,74.7,46.7,496.0,631.4,838.4,695.7,527.4,527.4,1,1.055,0.031
f232,350.9,"[8.3, 9.9]",60,1115,1055,1682.0,370.4,214.8,158.8,283.3,74.7,46.7,496.0,631.4,838.4,695.7,527.4,527.3,1,1.064,0.031
f233,352.6,"[6.6, 8.3]",60,1115,1055,1682.0,370.4,214.8,158.8,283.3,74.7,46.7,496.0,631.4,838.4,695.7,527.3,527.3,1,1.043,0.031
f234,354.2,"[3.3, 8.3]",60,1115,1055,1682.0,370.4,214.8,158.8,283.3,74.7,46.7,496.0,631.4,838.4,695.7,527.3,527.3,1,1.041,0.031
f235,4.2,"[0.0, 8.3]",60,1115,1055,1682.0,370.4,214.8,158.8,283.3,74.7,46.7,496.0,631.4,838.4,695.7,527.3,527.3,1,1.039,0.031
f236,4.2,"[0.0, 8.3]",60,1115,1055,1682.0,370.4,214.8,158.8,283.3,74.7,46.7,496.0,631.4,838.4,695.7,527.3,527.3,1,1.037,0.031
f237,4.2,"[0.0, 8.3]",60,1115,1055,1682.0,370.4,214.8,158.8,283.3,74.7,46.7,496.0,631.4,838.4,695.7,527.3,527.3,1,1.034,0.031
f238,4.2,"[0.0, 8.3]",60,1115,1055,1682.0,370.4,214.8,158.8,283.3,74.7,46.7,496.0,631.4,838.4,695.7,527.3,527.3,1,1.041,0.031
f239,4.2,"[0.0, 8.3]",60,1115,1055,1682.0,370.4,214.8,158.8,283.3,74.7,46.7,496.0,631.4,838.4,695.7,527.3,527.3,1,1.046,0.031
f240,4.2,"[0.0, 8.3]",60,1115,1055,1682.0,370.4,214.8,158.8,283.3,74.7,46.7,496.0,631.4,838.4,695.7,527.3,527.3,1,1.046,0.031
f241,4.2,"[0.0, 8.3]",60,1115,1055,1682.0,370.4,214.8,158.8,283.3,74.7,46.7,496.0,631.4,838.4,695.7,527.3,527.3,1,1.044,0.031
